"date","forecast"
"1990-12-31",15.4919797558128
"1990-12-30",14.3049220064915
"1990-12-29",14.3603999250231
"1990-12-28",14.4819876803612
"1990-12-27",14.9441979905307
"1990-12-26",14.5024050823842
"1990-12-25",12.4665894595485
"1990-12-24",14.7306006581662
"1990-12-23",14.4590731708187
"1990-12-22",14.1419004365913
"1990-12-21",15.5938421677786
"1990-12-20",14.826917621001
"1990-12-19",16.597901891432
"1990-12-18",14.826647331649
"1990-12-17",14.6834463822389
"1990-12-16",14.6734743785784
"1990-12-15",14.4238359941993
"1990-12-14",13.4556127191537
"1990-12-13",15.2632862815845
"1990-12-12",13.8104450337418
"1990-12-11",13.4762425104537
"1990-12-10",15.1776141723001
"1990-12-09",15.5307466058807
"1990-12-08",17.5969373787411
"1990-12-07",17.8788185045914
"1990-12-06",18.3677795986415
"1990-12-05",16.6332716201031
"1990-12-04",16.3954858854518
"1990-12-03",14.7364864385069
"1990-12-02",14.9545340480933
"1990-12-01",14.4138988195249
"1990-11-30",15.3418441332792
"1990-11-29",16.1945868049328
"1990-11-28",12.5045555341246
"1990-11-27",14.7228139080232
"1990-11-26",15.0120631609104
"1990-11-25",14.1264465100693
"1990-11-24",13.723889531858
"1990-11-23",14.147063998155
"1990-11-22",16.5567981673794
"1990-11-21",12.7402739034524
"1990-11-20",13.5173752285751
"1990-11-19",14.3369773858746
"1990-11-18",12.9469701717184
"1990-11-17",14.8459451170502
"1990-11-16",15.1737662740779
"1990-11-15",16.0194360988529
"1990-11-14",15.6135853091441
"1990-11-13",15.5480514568805
"1990-11-12",13.0914853880501
"1990-11-11",14.6081750728204
"1990-11-10",15.3617032124373
"1990-11-09",16.1547284493876
"1990-11-08",18.1567559474131
"1990-11-07",18.2928122797213
"1990-11-06",15.349738804256
"1990-11-05",14.3461909483052
"1990-11-04",15.6723665298784
"1990-11-03",14.5889860395982
"1990-11-02",16.6525366420632
"1990-11-01",16.2752196784053
"1990-10-31",16.6464825018542
"1990-10-30",15.238788743606
"1990-10-29",18.3148419897133
"1990-10-28",16.1954360425377
"1990-10-27",15.8343005744452
"1990-10-26",14.7778903401956
"1990-10-25",15.356015751829
"1990-10-24",14.8472471316024
"1990-10-23",13.4646715338749
"1990-10-22",15.2286686447813
"1990-10-21",12.2686532411552
"1990-10-20",14.6990546583297
"1990-10-19",15.1745271183594
"1990-10-18",14.3027543266121
"1990-10-17",16.1594292047615
"1990-10-16",17.7894114782754
"1990-10-15",13.4835560075953
"1990-10-14",13.1289380731985
"1990-10-13",14.4361377010099
"1990-10-12",15.6105930737981
"1990-10-11",14.0188003640844
"1990-10-10",14.9571427854587
"1990-10-09",12.4365432467131
"1990-10-08",14.7910608292829
"1990-10-07",13.810665331708
"1990-10-06",16.7903365222396
"1990-10-05",15.3116615206654
"1990-10-04",14.6863686677728
"1990-10-03",14.9005425884126
"1990-10-02",15.4760504062209
"1990-10-01",15.0217954126438
"1990-09-30",13.831046585423
"1990-09-29",16.14151544643
"1990-09-28",12.1781089908734
"1990-09-27",14.1099599359204
"1990-09-26",18.2125405706944
"1990-09-25",15.7760665753135
"1990-09-24",12.7384514901855
"1990-09-23",13.5464546789511
"1990-09-22",14.1733303747252
"1990-09-21",18.2852121204396
"1990-09-20",16.0901981293904
"1990-09-19",14.3938001532756
"1990-09-18",11.6657153817144
"1990-09-17",15.326560554729
"1990-09-16",15.6027984689853
"1990-09-15",13.8215980636674
"1990-09-14",15.0167245627471
"1990-09-13",16.2082766230659
"1990-09-12",17.6217649984084
"1990-09-11",15.9018643334793
"1990-09-10",13.4890433013874
"1990-09-09",11.8475112738998
"1990-09-08",14.0403788909699
"1990-09-07",15.4967447483302
"1990-09-06",15.9218661918584
"1990-09-05",14.3252541055945
"1990-09-04",14.6845873345629
"1990-09-03",15.662226452764
"1990-09-02",13.5759107821674
"1990-09-01",14.6674322324616
"1990-08-31",14.5462231900948
"1990-08-30",16.7412798255344
"1990-08-29",14.2534422092592
"1990-08-28",11.5226276728143
"1990-08-27",14.8751529513498
"1990-08-26",14.5181343221555
"1990-08-25",14.7526164759483
"1990-08-24",14.4081862558733
"1990-08-23",13.7265344667169
"1990-08-22",15.8331439028389
"1990-08-21",15.7901576605933
"1990-08-20",15.4929568923983
"1990-08-19",14.9013709227379
"1990-08-18",14.7332698885419
"1990-08-17",14.9353025741886
"1990-08-16",15.1343979436327
"1990-08-15",15.8362829437392
"1990-08-14",14.8825547903591
"1990-08-13",15.5396428883588
"1990-08-12",14.3367179567949
"1990-08-11",14.747931556969
"1990-08-10",14.2833547532104
"1990-08-09",15.5610110563598
"1990-08-08",15.1581586597135
"1990-08-07",14.8470062084463
"1990-08-06",16.5297538338569
"1990-08-05",15.8945525788478
"1990-08-04",13.7567541038281
"1990-08-03",16.3132367675426
"1990-08-02",14.9074797426896
"1990-08-01",13.8839607340148
"1990-07-31",14.2240255640966
"1990-07-30",15.3777746603752
"1990-07-29",14.9178824278698
"1990-07-28",15.6346485600708
"1990-07-27",14.5061626894272
"1990-07-26",15.7869266976412
"1990-07-25",16.7703525616941
"1990-07-24",16.2378681848707
"1990-07-23",16.0678814196883
"1990-07-22",16.2305986133853
"1990-07-21",15.7642563410498
"1990-07-20",14.3766504265804
"1990-07-19",17.0991752643904
"1990-07-18",15.6650654406029
"1990-07-17",16.8760322199193
"1990-07-16",16.4484843992565
"1990-07-15",16.1436338714552
"1990-07-14",15.3483284140427
"1990-07-13",13.9997322677456
"1990-07-12",13.8112553522725
"1990-07-11",15.8512214393164
"1990-07-10",16.1879657749379
"1990-07-09",16.6423162199578
"1990-07-08",14.4638961444678
"1990-07-07",13.1491736892344
"1990-07-06",16.021044809596
"1990-07-05",15.1162901985659
"1990-07-04",15.1559492388499
"1990-07-03",14.9785925956417
"1990-07-02",14.6777322079081
"1990-07-01",16.1373645836483
"1990-06-30",14.3204615442195
"1990-06-29",13.0059082368076
"1990-06-28",14.3835749977222
"1990-06-27",13.6979394127736
"1990-06-26",15.2169735171301
"1990-06-25",14.999418476052
"1990-06-24",16.6714693821206
"1990-06-23",14.8664861588097
"1990-06-22",15.7022314206376
"1990-06-21",15.2496816417151
"1990-06-20",15.2149764388813
"1990-06-19",14.69876723533
"1990-06-18",15.8250239349968
"1990-06-17",14.4680009054112
"1990-06-16",13.4359436722396
"1990-06-15",13.1687889132013
"1990-06-14",16.897870560264
"1990-06-13",14.7824176765375
"1990-06-12",14.2208986201833
"1990-06-11",16.1488911385933
"1990-06-10",14.8592089785145
"1990-06-09",14.2688535995229
"1990-06-08",13.9428505387356
"1990-06-07",13.897989171033
"1990-06-06",16.065381735778
"1990-06-05",14.989709388699
"1990-06-04",14.9750007598579
"1990-06-03",14.6670400818811
"1990-06-02",15.3359084459925
"1990-06-01",15.7254878530991
"1990-05-31",13.8873287910936
"1990-05-30",12.8754194800283
"1990-05-29",13.5848137803332
"1990-05-28",14.4276945387617
"1990-05-27",15.7751695398842
"1990-05-26",15.5912035407011
"1990-05-25",15.5066957538104
"1990-05-24",14.2780626709583
"1990-05-23",12.7182735644027
"1990-05-22",13.1173710197611
"1990-05-21",14.6026382728541
"1990-05-20",15.1237919600683
"1990-05-19",14.2937982124231
"1990-05-18",17.1461611913747
"1990-05-17",14.5743938300759
"1990-05-16",14.8194105147131
"1990-05-15",15.1027024831344
"1990-05-14",15.365552765484
"1990-05-13",16.2705163223464
"1990-05-12",14.7128151828909
"1990-05-11",17.090831583188
"1990-05-10",13.5868059163832
"1990-05-09",12.4367104682741
"1990-05-08",12.9565629386728
"1990-05-07",16.0287771986328
"1990-05-06",17.5881598603285
"1990-05-05",16.8207031993209
"1990-05-04",15.6537168426888
"1990-05-03",16.3002176460279
"1990-05-02",16.1978927945231
"1990-05-01",13.9757965241094
"1990-04-30",15.1185751054259
"1990-04-29",13.7395099391155
"1990-04-28",14.4816528314575
"1990-04-27",14.7649678613537
"1990-04-26",15.9907781958304
"1990-04-25",15.6771804796661
"1990-04-24",14.4075563694714
"1990-04-23",16.2839729342765
"1990-04-22",16.1197587892966
"1990-04-21",15.9995229537154
"1990-04-20",14.4775724468989
"1990-04-19",15.3576371229421
"1990-04-18",15.2432598596499
"1990-04-17",14.0940228659294
"1990-04-16",13.4256683644034
"1990-04-15",15.8085067362404
"1990-04-14",17.8568543996021
"1990-04-13",16.3264573114817
"1990-04-12",17.8597492127013
"1990-04-11",15.6732118124404
"1990-04-10",15.8519917876733
"1990-04-09",15.8306810430784
"1990-04-08",15.8797007970363
"1990-04-07",16.7327517102577
"1990-04-06",15.3319406832764
"1990-04-05",14.4584183295889
"1990-04-04",13.3735183176291
"1990-04-03",15.2311647773122
"1990-04-02",15.6941058695609
"1990-04-01",14.6803883270585
"1990-03-31",14.1056306561369
"1990-03-30",13.3799426976674
"1990-03-29",14.3569268280919
"1990-03-28",18.0704994191437
"1990-03-27",16.7237467098922
"1990-03-26",15.9686798773414
"1990-03-25",16.2945204135773
"1990-03-24",15.6129090148203
"1990-03-23",14.8844411288674
"1990-03-22",13.7962838622482
"1990-03-21",14.2196285239447
"1990-03-20",14.8254727889366
"1990-03-19",15.2374984092565
"1990-03-18",13.411734991471
"1990-03-17",12.8849669883659
"1990-03-16",15.1120076307954
"1990-03-15",13.1951782334257
"1990-03-14",11.9782781288792
"1990-03-13",13.2491320784977
"1990-03-12",14.7094223828304
"1990-03-11",15.0160648785063
"1990-03-10",14.1620626655713
"1990-03-09",12.3449745431701
"1990-03-08",14.2106967881098
"1990-03-07",15.614347624908
"1990-03-06",16.64652692103
"1990-03-05",16.9107365991828
"1990-03-04",16.685383848713
"1990-03-03",15.4980979562023
"1990-03-02",16.5223970196896
"1990-03-01",16.5495600678629
"1990-02-28",15.6256730430359
"1990-02-27",15.1249485623624
"1990-02-26",15.3056948993623
"1990-02-25",14.476673699311
"1990-02-24",14.9945087362425
"1990-02-23",16.929164890249
"1990-02-22",15.1801954954944
"1990-02-21",13.6791512924086
"1990-02-20",14.1725268417286
"1990-02-19",12.7211599112705
"1990-02-18",16.3051587053216
"1990-02-17",14.420807566021
"1990-02-16",15.6032670133436
"1990-02-15",14.0343447988052
"1990-02-14",13.234925411673
"1990-02-13",14.3310901134954
"1990-02-12",14.3840565930152
"1990-02-11",15.6292468557291
"1990-02-10",14.7375238133071
"1990-02-09",14.8850745002241
"1990-02-08",13.6263205562404
"1990-02-07",13.2115843648294
"1990-02-06",13.9982817238198
"1990-02-05",14.1364349942934
"1990-02-04",14.4248932319232
"1990-02-03",13.1740242468896
"1990-02-02",12.6418323182733
"1990-02-01",14.7718121811249
"1990-01-31",15.3544480623939
"1990-01-30",13.4644997123403
"1990-01-29",15.2854644758808
"1990-01-28",15.1926787317438
"1990-01-27",15.7138558204729
"1990-01-26",13.7490119316941
"1990-01-25",17.4575852203433
"1990-01-24",14.015708807431
"1990-01-23",14.1842911764893
"1990-01-22",13.5183571123941
"1990-01-21",14.2135019275619
"1990-01-20",14.0547465075266
"1990-01-19",14.7128995295118
"1990-01-18",13.036879093179
"1990-01-17",12.2229666834902
"1990-01-16",14.316321563514
"1990-01-15",15.0860242311331
"1990-01-14",14.642547870504
"1990-01-13",16.1107939560517
"1990-01-12",18.1178512702279
"1990-01-11",16.3525447876208
"1990-01-10",15.9255806144406
"1990-01-09",14.2913013766009
"1990-01-08",15.2709443238641
"1990-01-07",14.7968193162918
"1990-01-06",14.2793223053045
"1990-01-05",14.2081230720493
"1990-01-04",15.1361702130887
"1990-01-03",13.6536468872104
"1990-01-02",14.7936737492122
"1990-01-01",13.3361123771779
"1989-12-31",14.7944590229453
"1989-12-30",12.535351014127
"1989-12-29",13.2036415779349
"1989-12-28",13.8235136873259
"1989-12-27",15.1538486054665
"1989-12-26",15.7772974053552
"1989-12-25",13.8358521910336
"1989-12-24",13.5253341162632
"1989-12-23",13.4067089436339
"1989-12-22",13.8156376142795
"1989-12-21",13.6152594222831
"1989-12-20",15.4416243275052
"1989-12-19",16.5432964081108
"1989-12-18",13.635026959501
"1989-12-17",13.9268989445746
"1989-12-16",14.0195787946661
"1989-12-15",12.8989301893311
"1989-12-14",13.9480232319948
"1989-12-13",15.1111626227029
"1989-12-12",15.4494474926813
"1989-12-11",17.4242576681033
"1989-12-10",14.6132056851059
"1989-12-09",15.9350321032043
"1989-12-08",15.7586233309188
"1989-12-07",15.2191171151468
"1989-12-06",13.0357866927918
"1989-12-05",14.6722862240169
"1989-12-04",14.3199239983457
"1989-12-03",17.1349097298196
"1989-12-02",15.8735997036979
"1989-12-01",16.4780038485195
"1989-11-30",16.9910387701557
"1989-11-29",14.9482821475419
"1989-11-28",14.5485756767055
"1989-11-27",14.30702203357
"1989-11-26",15.3288056194415
"1989-11-25",14.6240069045484
"1989-11-24",18.9167492771542
"1989-11-23",15.7713054282399
"1989-11-22",14.5911134254217
"1989-11-21",14.1937967596845
"1989-11-20",14.2370770353874
"1989-11-19",13.0506667139096
"1989-11-18",16.1003824423698
"1989-11-17",14.8968551026044
"1989-11-16",14.7157116484539
"1989-11-15",14.08707929726
"1989-11-14",12.621295836587
"1989-11-13",14.4364715470356
"1989-11-12",13.9346489424201
"1989-11-11",13.3757521603125
"1989-11-10",12.2020111663156
"1989-11-09",14.4007341003776
"1989-11-08",13.7234647554408
"1989-11-07",14.7213394732709
"1989-11-06",15.8053615576363
"1989-11-05",14.9507131631484
"1989-11-04",12.5414764369904
"1989-11-03",13.6214937244825
"1989-11-02",12.8226495723197
"1989-11-01",12.0283032246729
"1989-10-31",15.5535276496602
"1989-10-30",13.2644436179216
"1989-10-29",13.3807042643672
"1989-10-28",12.5193401071579
"1989-10-27",14.2089441096752
"1989-10-26",15.6601555026289
"1989-10-25",13.5572283668512
"1989-10-24",15.1502853636678
"1989-10-23",13.4656048651925
"1989-10-22",14.1013651242916
"1989-10-21",13.2933389005241
"1989-10-20",14.9890975475581
"1989-10-19",15.8668452897824
"1989-10-18",12.6837602673231
"1989-10-17",12.3554767845321
"1989-10-16",14.8963367522045
"1989-10-15",12.8284495757781
"1989-10-14",14.4423664320883
"1989-10-13",14.4956382399776
"1989-10-12",14.541811570945
"1989-10-11",14.1470637859162
"1989-10-10",13.7221019895985
"1989-10-09",14.2612248353534
"1989-10-08",12.8398241419127
"1989-10-07",13.5557344931131
"1989-10-06",15.0249034547004
"1989-10-05",14.4056390082367
"1989-10-04",12.0443865150988
"1989-10-03",12.3153927516679
"1989-10-02",14.3354990745827
"1989-10-01",15.8656328458304
"1989-09-30",15.9677348670535
"1989-09-29",11.6302425688162
"1989-09-28",14.3694155940695
"1989-09-27",12.1403054504501
"1989-09-26",14.4460918251592
"1989-09-25",12.8825171026619
"1989-09-24",12.9962634336734
"1989-09-23",16.3444152156812
"1989-09-22",13.2875820669601
"1989-09-21",13.8158066928886
"1989-09-20",15.1175334353781
"1989-09-19",14.2550961479031
"1989-09-18",14.9536714831596
"1989-09-17",13.3330581356356
"1989-09-16",14.4985975394146
"1989-09-15",13.1601261195037
"1989-09-14",13.4268979168123
"1989-09-13",14.1747368359067
"1989-09-12",13.9148179295473
"1989-09-11",13.3042177375731
"1989-09-10",16.9731252472007
"1989-09-09",13.8254364802163
"1989-09-08",12.4703546813716
"1989-09-07",13.9232872033138
"1989-09-06",14.50218358886
"1989-09-05",14.744809189653
"1989-09-04",13.0740835819171
"1989-09-03",14.5735418154108
"1989-09-02",14.5407894706835
"1989-09-01",14.6911175854026
"1989-08-31",12.1343801628106
"1989-08-30",13.8435372727168
"1989-08-29",13.8019099026228
"1989-08-28",12.4873692144551
"1989-08-27",13.4294506884887
"1989-08-26",14.397780039114
"1989-08-25",13.2581821845913
"1989-08-24",13.8114954968277
"1989-08-23",15.2333184557248
"1989-08-22",13.0027983074634
"1989-08-21",14.5068129874285
"1989-08-20",15.3007756589814
"1989-08-19",13.9931612732953
"1989-08-18",13.9759067306169
"1989-08-17",14.0899999350099
"1989-08-16",13.920111470254
"1989-08-15",12.684795890281
"1989-08-14",13.5804394338344
"1989-08-13",14.8865042620794
"1989-08-12",14.1313674102982
"1989-08-11",16.2731400074297
"1989-08-10",14.574608848667
"1989-08-09",13.5899384717571
"1989-08-08",14.7036965466264
"1989-08-07",14.8235372883538
"1989-08-06",14.401367909528
"1989-08-05",15.1501271124475
"1989-08-04",14.9264095922993
"1989-08-03",15.1837910921574
"1989-08-02",12.6579688905227
"1989-08-01",14.922512091733
"1989-07-31",14.7028041271085
"1989-07-30",16.6091584072619
"1989-07-29",15.7366655763233
"1989-07-28",14.0779814822543
"1989-07-27",12.8871150972064
"1989-07-26",15.0482132251535
"1989-07-25",13.9245733271813
"1989-07-24",13.0328871357502
"1989-07-23",11.8760501316207
"1989-07-22",13.6891680213174
"1989-07-21",14.915777829824
"1989-07-20",14.1301023060696
"1989-07-19",14.1020471924693
"1989-07-18",14.1184012251584
"1989-07-17",12.7854245933881
"1989-07-16",12.3509677001944
"1989-07-15",12.7117628487281
"1989-07-14",15.1442290012712
"1989-07-13",14.7457200477451
"1989-07-12",15.6399343864024
"1989-07-11",15.0641011233365
"1989-07-10",16.2788010375201
"1989-07-09",14.8984196552629
"1989-07-08",14.3016741378865
"1989-07-07",14.9993343463497
"1989-07-06",13.9784358286153
"1989-07-05",14.4493874297286
"1989-07-04",16.2496380798168
"1989-07-03",14.9974187029462
"1989-07-02",13.9507120650267
"1989-07-01",15.6285113718209
"1989-06-30",12.7699935365906
"1989-06-29",11.667443491431
"1989-06-28",12.1681813939076
"1989-06-27",12.4598682019382
"1989-06-26",13.5692971432089
"1989-06-25",14.0913911470967
"1989-06-24",13.7818274354801
"1989-06-23",13.8168838612002
"1989-06-22",14.5924278572222
"1989-06-21",15.1808771024173
"1989-06-20",16.2881385541864
"1989-06-19",16.1475483407251
"1989-06-18",16.8605426022848
"1989-06-17",15.9228360426458
"1989-06-16",16.1346321455842
"1989-06-15",16.1950788124353
"1989-06-14",14.0517030696867
"1989-06-13",15.4390408880128
"1989-06-12",15.4915832075623
"1989-06-11",14.7031630827272
"1989-06-10",14.7463717368172
"1989-06-09",16.1488458861715
"1989-06-08",15.5798465998248
"1989-06-07",14.6858142391761
"1989-06-06",15.3743588852066
"1989-06-05",14.5743076492223
"1989-06-04",12.1934557565452
"1989-06-03",11.8668772997184
"1989-06-02",12.1128938072052
"1989-06-01",13.6667020875077
"1989-05-31",17.3132165527314
"1989-05-30",16.8663163718288
"1989-05-29",15.807484966053
"1989-05-28",15.9156215210999
"1989-05-27",14.9759775394648
"1989-05-26",16.0553757108493
"1989-05-25",15.2175835429631
"1989-05-24",14.9658543447343
"1989-05-23",16.4963505876335
"1989-05-22",13.1835965553556
"1989-05-21",13.8952494846402
"1989-05-20",16.023589807983
"1989-05-19",16.4505115883606
"1989-05-18",14.4669384329308
"1989-05-17",14.4485817076158
"1989-05-16",15.008314208328
"1989-05-15",15.8726334742331
"1989-05-14",16.0480948222151
"1989-05-13",16.2836394556127
"1989-05-12",16.8102340838584
"1989-05-11",16.4785572143444
"1989-05-10",14.6921912514313
"1989-05-09",15.1505520157427
"1989-05-08",15.3345861822533
"1989-05-07",15.1529122553154
"1989-05-06",14.6236228134413
"1989-05-05",17.1642889836595
"1989-05-04",15.3577523438842
"1989-05-03",16.8535780227215
"1989-05-02",16.7395635444781
"1989-05-01",16.0382997218995
"1989-04-30",16.4874656259016
"1989-04-29",17.2741540150088
"1989-04-28",16.440881526419
"1989-04-27",15.2495206567922
"1989-04-26",15.0769380068987
"1989-04-25",13.4078734265153
"1989-04-24",14.1300114371771
"1989-04-23",14.3611627580754
"1989-04-22",14.0532831529004
"1989-04-21",13.860510574779
"1989-04-20",13.1863515192081
"1989-04-19",15.1538081003823
"1989-04-18",14.3557685153652
"1989-04-17",15.0813452916068
"1989-04-16",12.9978570231032
"1989-04-15",15.2411445471663
"1989-04-14",15.8613299672228
"1989-04-13",15.5384550129666
"1989-04-12",16.4795181399033
"1989-04-11",15.3339631650101
"1989-04-10",15.8239004001382
"1989-04-09",14.3703188724504
"1989-04-08",16.0170216655369
"1989-04-07",14.1508505439302
"1989-04-06",18.3074881495088
"1989-04-05",15.548938950368
"1989-04-04",15.3380563504133
"1989-04-03",15.9770118767304
"1989-04-02",14.9250273857728
"1989-04-01",14.8747063699535
"1989-03-31",13.2269120927778
"1989-03-30",13.346223416696
"1989-03-29",14.3650632101332
"1989-03-28",13.233345328562
"1989-03-27",12.7367168777953
"1989-03-26",14.8595146883763
"1989-03-25",14.7240005082355
"1989-03-24",16.2486604801356
"1989-03-23",16.3742274210418
"1989-03-22",16.5019728614396
"1989-03-21",16.5101839112316
"1989-03-20",15.6019033397162
"1989-03-19",14.3704861302753
"1989-03-18",13.7599613441744
"1989-03-17",15.2564038312715
"1989-03-16",15.2473281390424
"1989-03-15",15.7283481345488
"1989-03-14",13.8757850483268
"1989-03-13",16.546406782688
"1989-03-12",16.620722477588
"1989-03-11",16.4529909630658
"1989-03-10",18.1897714497371
"1989-03-09",17.6834871065009
"1989-03-08",17.0194349390161
"1989-03-07",16.3960437918908
"1989-03-06",17.5400478823914
"1989-03-05",17.1860600554881
"1989-03-04",16.8744616710558
"1989-03-03",18.2142033572157
"1989-03-02",17.4300633397474
"1989-03-01",16.5919110413512
"1989-02-28",15.5651315845593
"1989-02-27",13.5536912806375
"1989-02-26",16.0634902462556
"1989-02-25",15.651286694066
"1989-02-24",13.807038877615
"1989-02-23",14.2647808342902
"1989-02-22",15.3923827673231
"1989-02-21",14.86374304526
"1989-02-20",14.6383052729776
"1989-02-19",17.3560818264138
"1989-02-18",16.7930551391599
"1989-02-17",16.6764246070657
"1989-02-16",16.7559246612212
"1989-02-15",16.1535386162473
"1989-02-14",15.9989228974103
"1989-02-13",14.6367484769744
"1989-02-12",15.1346367994866
"1989-02-11",14.7006720350284
"1989-02-10",15.1908650600875
"1989-02-09",16.2433353186413
"1989-02-08",15.7662009562241
"1989-02-07",13.7401896531772
"1989-02-06",14.140987386114
"1989-02-05",14.8311981930838
"1989-02-04",15.4413217419702
"1989-02-03",14.2235634017088
"1989-02-02",15.1241834584776
"1989-02-01",15.4212571931147
"1989-01-31",15.184835250265
"1989-01-30",17.1336079992089
"1989-01-29",17.2535730364639
"1989-01-28",15.2832635240406
"1989-01-27",15.1510848208106
"1989-01-26",14.9357367085698
"1989-01-25",13.5504322526092
"1989-01-24",13.3335871173828
"1989-01-23",14.7724001965086
"1989-01-22",14.2409590424869
"1989-01-21",15.4422666036425
"1989-01-20",13.8731545080626
"1989-01-19",14.1104482661548
"1989-01-18",15.1977956208687
"1989-01-17",16.840318032589
"1989-01-16",16.1040556034862
"1989-01-15",14.2013732192769
"1989-01-14",13.2840300465235
"1989-01-13",14.4167502969208
"1989-01-12",13.765674063306
"1989-01-11",14.004500203852
"1989-01-10",15.4487669911918
"1989-01-09",15.4533746708729
"1989-01-08",13.9519759365421
"1989-01-07",12.4717002444528
"1989-01-06",13.0546693275951
"1989-01-05",15.7305054655693
"1989-01-04",16.6806364328057
"1989-01-03",16.4356927288954
"1989-01-02",14.7880413639104
"1989-01-01",14.7292825653547
"1988-12-31",14.6098198291541
"1988-12-30",15.2349429393284
"1988-12-29",14.111646770351
"1988-12-28",14.7606523922129
"1988-12-27",12.3613942510616
"1988-12-26",15.2829829232682
"1988-12-25",17.6784021497919
"1988-12-24",16.4403255692291
"1988-12-23",15.7494828795218
"1988-12-22",13.8355594555877
"1988-12-21",14.7404584938872
"1988-12-20",15.1438745872382
"1988-12-19",16.9415077385516
"1988-12-18",15.4930754123613
"1988-12-17",19.8010402055793
"1988-12-16",17.9828064807013
"1988-12-15",17.8384373381055
"1988-12-14",15.6904716773001
"1988-12-13",15.5244810915974
"1988-12-12",13.5422001935588
"1988-12-11",14.532738776188
"1988-12-10",18.0804408311602
"1988-12-09",16.2771167320086
"1988-12-08",14.2970997255748
"1988-12-07",14.444372415646
"1988-12-06",14.4009093417623
"1988-12-05",16.1111070589734
"1988-12-04",16.170211430693
"1988-12-03",17.1058523049253
"1988-12-02",14.1726660081174
"1988-12-01",14.2483186499058
"1988-11-30",13.4180910269257
"1988-11-29",14.0147647524508
"1988-11-28",14.2639838708054
"1988-11-27",14.3900876962802
"1988-11-26",14.3699085229351
"1988-11-25",15.1418504192658
"1988-11-24",15.6514509110971
"1988-11-23",14.8951856009135
"1988-11-22",15.1079234961493
"1988-11-21",14.5012028947762
"1988-11-20",16.6980051060471
"1988-11-19",13.9009905347393
"1988-11-18",14.323017257878
"1988-11-17",14.3893279195532
"1988-11-16",13.583614633664
"1988-11-15",11.8640362296335
"1988-11-14",17.1425184055697
"1988-11-13",17.6183794024111
"1988-11-12",13.7852900033099
"1988-11-11",15.0882274428469
"1988-11-10",13.5724164394333
"1988-11-09",14.617660418661
"1988-11-08",17.3647599126639
"1988-11-07",15.261838746816
"1988-11-06",12.7132038570316
"1988-11-05",13.5495450269914
"1988-11-04",15.8330852941625
"1988-11-03",16.799052572413
"1988-11-02",15.8383709809999
"1988-11-01",14.6104697462159
"1988-10-31",16.3916884045817
"1988-10-30",14.8079274471716
"1988-10-29",16.0801407985279
"1988-10-28",12.791189584503
"1988-10-27",14.3886358336036
"1988-10-26",17.0440059597095
"1988-10-25",12.4045303375962
"1988-10-24",14.0747225445323
"1988-10-23",15.3381834629083
"1988-10-22",13.9151794939574
"1988-10-21",17.8109361562335
"1988-10-20",13.2732709227483
"1988-10-19",15.6411065909055
"1988-10-18",15.6584307344906
"1988-10-17",13.6643414952974
"1988-10-16",15.5666784441636
"1988-10-15",13.2139180115735
"1988-10-14",17.3477371801749
"1988-10-13",11.9521998128059
"1988-10-12",16.2205943328783
"1988-10-11",16.2121599690721
"1988-10-10",14.0234987188255
"1988-10-09",14.9385072623759
"1988-10-08",16.7446253876461
"1988-10-07",12.8577878665744
"1988-10-06",14.1407554714387
"1988-10-05",14.9973155426805
"1988-10-04",17.0909090615555
"1988-10-03",17.100517761206
"1988-10-02",14.0910635103124
"1988-10-01",16.5237955426909
"1988-09-30",14.1701251475465
"1988-09-29",15.6831098130094
"1988-09-28",14.3722748995802
"1988-09-27",15.3624612508572
"1988-09-26",15.912488509455
"1988-09-25",14.6195552098686
"1988-09-24",13.657190369557
"1988-09-23",18.3099588063288
"1988-09-22",17.6901454287912
"1988-09-21",12.7813720879497
"1988-09-20",15.1866060013573
"1988-09-19",15.3332327633014
"1988-09-18",15.2053556035115
"1988-09-17",15.9702818703458
"1988-09-16",14.0032599794284
"1988-09-15",13.2962801582231
"1988-09-14",12.9898055140605
"1988-09-13",13.7067499179518
"1988-09-12",16.2154302216432
"1988-09-11",16.8497189711306
"1988-09-10",17.9357574008442
"1988-09-09",17.7578934368284
"1988-09-08",13.1330104221326
"1988-09-07",14.8989563060355
"1988-09-06",15.899481299174
"1988-09-05",13.1630564554406
"1988-09-04",16.2256907731879
"1988-09-03",15.2161227447294
"1988-09-02",18.4153465212834
"1988-09-01",16.8889521782744
"1988-08-31",15.2348374292279
"1988-08-30",15.6739729972767
"1988-08-29",15.5952402738778
"1988-08-28",13.9212069109781
"1988-08-27",16.2331436867374
"1988-08-26",15.6127368698436
"1988-08-25",13.8381838235581
"1988-08-24",14.7959640020066
"1988-08-23",15.5475607032425
"1988-08-22",14.6549223862507
"1988-08-21",17.0393163915043
"1988-08-20",15.8862460157536
"1988-08-19",16.2253986920442
"1988-08-18",15.8842404464564
"1988-08-17",17.2440001739729
"1988-08-16",17.0172027674873
"1988-08-15",16.9876236983278
"1988-08-14",15.6132302678524
"1988-08-13",13.9472234153803
"1988-08-12",12.8477223418405
"1988-08-11",15.7558674987804
"1988-08-10",15.7105610902507
"1988-08-09",14.7106397857905
"1988-08-08",14.7552594205705
"1988-08-07",15.0445812100286
"1988-08-06",13.5768727663852
"1988-08-05",16.3441000861257
"1988-08-04",16.2355993466723
"1988-08-03",15.2982795646419
"1988-08-02",16.2950973460467
"1988-08-01",16.0137081877087
"1988-07-31",15.829543541759
"1988-07-30",14.8066010885735
"1988-07-29",16.2338013584823
"1988-07-28",16.2995501167514
"1988-07-27",15.7392104229239
"1988-07-26",15.5441250979677
"1988-07-25",15.6616461832433
"1988-07-24",15.792767560182
"1988-07-23",15.2788612055011
"1988-07-22",14.0445896536726
"1988-07-21",16.2109527174952
"1988-07-20",16.2044563862825
"1988-07-19",15.6191408758273
"1988-07-18",15.6190462507197
"1988-07-17",14.9749053291525
"1988-07-16",13.7815350644273
"1988-07-15",16.6875059404406
"1988-07-14",15.5320879470278
"1988-07-13",14.5075849096483
"1988-07-12",17.99867676187
"1988-07-11",15.5632779940492
"1988-07-10",14.6305040167739
"1988-07-09",16.9785678109287
"1988-07-08",17.7860144394566
"1988-07-07",17.698907198329
"1988-07-06",15.899794183378
"1988-07-05",14.0486265997687
"1988-07-04",13.9046761107791
"1988-07-03",14.5130848320089
"1988-07-02",14.2440086078061
"1988-07-01",15.9647179601588
"1988-06-30",16.4406812318411
"1988-06-29",14.4633248301832
"1988-06-28",16.478707555438
"1988-06-27",15.5493884050652
"1988-06-26",14.7423703474457
"1988-06-25",15.1208637520278
"1988-06-24",16.7895684567346
"1988-06-23",15.3195762226964
"1988-06-22",14.991994668184
"1988-06-21",14.8681041306732
"1988-06-20",14.4981689813142
"1988-06-19",14.9346502806727
"1988-06-18",13.4275352652167
"1988-06-17",12.6559820123405
"1988-06-16",14.2953160868654
"1988-06-15",15.2642359443159
"1988-06-14",17.6207821676985
"1988-06-13",14.7527832194252
"1988-06-12",13.5934367643958
"1988-06-11",15.1913117171099
"1988-06-10",15.9993465223715
"1988-06-09",16.0337356753924
"1988-06-08",15.248427186655
"1988-06-07",16.7459595867034
"1988-06-06",15.8691114489141
"1988-06-05",17.3357184173906
"1988-06-04",16.4252638410162
"1988-06-03",16.3632919789555
"1988-06-02",15.9661849049579
"1988-06-01",14.9936692528048
"1988-05-31",13.7675817726747
"1988-05-30",15.5715551303806
"1988-05-29",15.0114881007529
"1988-05-28",15.8626275669485
"1988-05-27",17.1961957900324
"1988-05-26",15.125708205474
"1988-05-25",14.4745634714036
"1988-05-24",15.7334582360848
"1988-05-23",15.3982122629385
"1988-05-22",14.5032272773649
"1988-05-21",15.4903595464633
"1988-05-20",15.5321140748162
"1988-05-19",16.1873434855466
"1988-05-18",17.0415130019634
"1988-05-17",15.9243854877336
"1988-05-16",16.8303099963481
"1988-05-15",16.6969677331223
"1988-05-14",15.8816376588856
"1988-05-13",13.0902986030854
"1988-05-12",16.0856180860585
"1988-05-11",15.543902652833
"1988-05-10",15.2960681462981
"1988-05-09",16.7701716552166
"1988-05-08",16.0036983888228
"1988-05-07",16.7527870592983
"1988-05-06",17.8270314422305
"1988-05-05",17.3097522689453
"1988-05-04",16.9823902312863
"1988-05-03",16.5637442783966
"1988-05-02",17.0879045570704
"1988-05-01",16.2421599459915
"1988-04-30",15.9987170253568
"1988-04-29",18.1617428916496
"1988-04-28",16.2690133978559
"1988-04-27",14.7392638939161
"1988-04-26",17.1180611275512
"1988-04-25",15.7484660416599
"1988-04-24",15.0686529787856
"1988-04-23",15.6046436266079
"1988-04-22",14.3529493455339
"1988-04-21",15.0577859573854
"1988-04-20",13.7876466654186
"1988-04-19",15.4348501606414
"1988-04-18",13.2354519488411
"1988-04-17",12.9539530536248
"1988-04-16",13.5532948361097
"1988-04-15",16.5411876469611
"1988-04-14",15.8750445017398
"1988-04-13",16.5369330050279
"1988-04-12",14.1949892411901
"1988-04-11",12.7003943283105
"1988-04-10",11.8336283807716
"1988-04-09",12.644136725084
"1988-04-08",16.0068646712874
"1988-04-07",13.8629437199521
"1988-04-06",16.4109240501715
"1988-04-05",14.6928680056817
"1988-04-04",16.4854132316126
"1988-04-03",15.2009319205243
"1988-04-02",16.3369867184023
"1988-04-01",15.7902221670797
"1988-03-31",16.9453259669083
"1988-03-30",16.602800261147
"1988-03-29",16.099839558192
"1988-03-28",15.3973080323136
"1988-03-27",15.9906697648302
"1988-03-26",15.9644592036909
"1988-03-25",14.6420494522902
"1988-03-24",14.7220973776879
"1988-03-23",15.3555533930982
"1988-03-22",15.2170609215645
"1988-03-21",14.4396836711542
"1988-03-20",14.3680690735502
"1988-03-19",15.0165327272855
"1988-03-18",15.3055577386861
"1988-03-17",14.681577886958
"1988-03-16",14.2403470820302
"1988-03-15",13.348410897707
"1988-03-14",13.2050103337167
"1988-03-13",14.0514048535645
"1988-03-12",12.1258134557469
"1988-03-11",14.4110673054637
"1988-03-10",15.2680406627093
"1988-03-09",15.4046569318343
"1988-03-08",15.6834201831417
"1988-03-07",14.4813535809765
"1988-03-06",13.3903398374614
"1988-03-05",14.5482838782513
"1988-03-04",14.3788471482007
"1988-03-03",15.2759940428229
"1988-03-02",13.0227364457258
"1988-03-01",15.2621055969592
"1988-02-29",14.8019228010152
"1988-02-28",16.2912218628142
"1988-02-27",14.9054274030665
"1988-02-26",13.4405212513652
"1988-02-25",14.9805729834842
"1988-02-24",15.1392777918863
"1988-02-23",14.2694754359858
"1988-02-22",14.5729826283002
"1988-02-21",13.744511466647
"1988-02-20",13.7228822179895
"1988-02-19",15.1217895945402
"1988-02-18",13.9415362660046
"1988-02-17",12.8448656721765
"1988-02-16",13.4855070759735
"1988-02-15",14.2295868740789
"1988-02-14",15.0660894384859
"1988-02-13",15.0703623212654
"1988-02-12",14.4693739867589
"1988-02-11",12.6889020424335
"1988-02-10",14.5537716085031
"1988-02-09",13.6659574676558
"1988-02-08",11.374493960866
"1988-02-07",13.7180003708183
"1988-02-06",13.842958376192
"1988-02-05",14.608069595933
"1988-02-04",14.1906648909949
"1988-02-03",14.5966999870627
"1988-02-02",14.3994008827424
"1988-02-01",13.4273552856336
"1988-01-31",18.5123880233454
"1988-01-30",17.7626143041784
"1988-01-29",15.6702733655641
"1988-01-28",14.5762499367336
"1988-01-27",13.4627093138721
"1988-01-26",12.9814010638732
"1988-01-25",12.9512421881965
"1988-01-24",15.0116424975224
"1988-01-23",14.1212290673162
"1988-01-22",14.3103875554739
"1988-01-21",14.8795493695198
"1988-01-20",15.1338353108613
"1988-01-19",15.5720404140224
"1988-01-18",14.8435685673354
"1988-01-17",15.642575573098
"1988-01-16",17.4412062720051
"1988-01-15",17.417871521472
"1988-01-14",18.4296234796407
"1988-01-13",16.1111458645026
"1988-01-12",16.1814192510866
"1988-01-11",15.8710753750151
"1988-01-10",15.0535644214871
"1988-01-09",16.4063296507569
"1988-01-08",15.6242801766985
"1988-01-07",14.8839476139746
"1988-01-06",13.7990992000643
"1988-01-05",14.8003227147035
"1988-01-04",13.9345945506451
"1988-01-03",14.3305648333806
"1988-01-02",14.6074127018187
"1988-01-01",15.8343520155648
"1987-12-31",13.85126661236
"1987-12-30",14.5127652458665
"1987-12-29",14.1089485355725
"1987-12-28",15.6274301275838
"1987-12-27",13.7510759381137
"1987-12-26",13.5678850934569
"1987-12-25",13.0768602309523
"1987-12-24",13.3081986938876
"1987-12-23",13.061603906004
"1987-12-22",13.8466928485201
"1987-12-21",14.2212694086417
"1987-12-20",13.0958118275467
"1987-12-19",13.9681284624451
"1987-12-18",14.4049041964825
"1987-12-17",17.890074349752
"1987-12-16",16.4654489284755
"1987-12-15",15.7439590387818
"1987-12-14",15.2746382101189
"1987-12-13",14.5189412630509
"1987-12-12",15.2328163815058
"1987-12-11",15.1834485259964
"1987-12-10",14.6172595180366
"1987-12-09",13.5487099742084
"1987-12-08",13.3908392155071
"1987-12-07",13.5041340388085
"1987-12-06",14.4976427274865
"1987-12-05",12.9668898845654
"1987-12-04",12.0427674769866
"1987-12-03",13.6575201289325
"1987-12-02",13.9406359431663
"1987-12-01",14.727890657847
"1987-11-30",15.4371907123468
"1987-11-29",13.1142936711904
"1987-11-28",14.0381093559319
"1987-11-27",13.862023921828
"1987-11-26",13.2673905058528
"1987-11-25",13.8839355658268
"1987-11-24",15.4789382931435
"1987-11-23",12.8550773349309
"1987-11-22",13.9628279519734
"1987-11-21",14.4490168505663
"1987-11-20",20.5204496953203
"1987-11-19",17.6445100916045
"1987-11-18",15.9299369677671
"1987-11-17",15.5791888702069
"1987-11-16",13.1664735667632
"1987-11-15",14.3296416096047
"1987-11-14",15.1010670602725
"1987-11-13",14.4399459408977
"1987-11-12",13.7772097472653
"1987-11-11",13.8532914683155
"1987-11-10",16.042133979395
"1987-11-09",15.1328967139015
"1987-11-08",14.0998053873368
"1987-11-07",14.8437136974469
"1987-11-06",14.515803797206
"1987-11-05",13.4821928513283
"1987-11-04",15.6503727785787
"1987-11-03",20.09996424396
"1987-11-02",18.2149950333258
"1987-11-01",16.2763970559445
"1987-10-31",13.6046406222491
"1987-10-30",14.7828538605435
"1987-10-29",13.3559096967228
"1987-10-28",15.7691280505478
"1987-10-27",13.4689205516933
"1987-10-26",15.7226027651772
"1987-10-25",14.6436414373328
"1987-10-24",14.4000719198044
"1987-10-23",13.4981536048051
"1987-10-22",14.5523635227173
"1987-10-21",14.1482736773085
"1987-10-20",14.7981001409549
"1987-10-19",14.3263282800402
"1987-10-18",13.9081830769085
"1987-10-17",15.29680556021
"1987-10-16",16.9226953174204
"1987-10-15",12.6634600008588
"1987-10-14",14.7151357114565
"1987-10-13",11.8545202220915
"1987-10-12",12.5491450463086
"1987-10-11",14.5772616711543
"1987-10-10",13.7678855471559
"1987-10-09",14.0053618093243
"1987-10-08",13.149631503069
"1987-10-07",16.0750460484121
"1987-10-06",12.4054609994493
"1987-10-05",15.3756805785895
"1987-10-04",14.1381623846956
"1987-10-03",14.8889440999018
"1987-10-02",14.3395605345961
"1987-10-01",15.2478738272956
"1987-09-30",15.8479499270887
"1987-09-29",17.5842020159777
"1987-09-28",19.2913091527666
"1987-09-27",16.8681621218154
"1987-09-26",16.7027406267136
"1987-09-25",17.0854430184078
"1987-09-24",13.1908968321044
"1987-09-23",14.8951053361748
"1987-09-22",12.633459693407
"1987-09-21",12.8861756925686
"1987-09-20",17.4981712503144
"1987-09-19",14.630366780216
"1987-09-18",13.4932307772849
"1987-09-17",15.1921699437283
"1987-09-16",14.6737567319098
"1987-09-15",14.8737855646459
"1987-09-14",13.0593877211976
"1987-09-13",15.0103565627075
"1987-09-12",14.7584577350888
"1987-09-11",13.2460487377277
"1987-09-10",15.1170029486071
"1987-09-09",14.8486460909613
"1987-09-08",14.0469224983302
"1987-09-07",14.2088807656068
"1987-09-06",12.5609860744917
"1987-09-05",13.2331674541199
"1987-09-04",13.9823905098807
"1987-09-03",13.2691315836013
"1987-09-02",12.9550518215291
"1987-09-01",13.7058237526535
"1987-08-31",12.6042249671832
"1987-08-30",15.0081287054975
"1987-08-29",15.781119115234
"1987-08-28",15.5642494144599
"1987-08-27",14.4710824467531
"1987-08-26",15.6666693401935
"1987-08-25",15.2700158368119
"1987-08-24",14.7396752061697
"1987-08-23",15.5730493634967
"1987-08-22",12.7184022103121
"1987-08-21",14.8007845177207
"1987-08-20",12.8642636841679
"1987-08-19",12.8530734810561
"1987-08-18",13.1944716442117
"1987-08-17",15.218427602593
"1987-08-16",16.5111281633834
"1987-08-15",15.3163472672725
"1987-08-14",14.0956539505
"1987-08-13",14.36074024367
"1987-08-12",14.5284394819602
"1987-08-11",12.9330373381706
"1987-08-10",14.8608281590322
"1987-08-09",15.5816330257852
"1987-08-08",13.1215382717622
"1987-08-07",15.2938278600588
"1987-08-06",14.7519221367393
"1987-08-05",15.0421384949531
"1987-08-04",14.6040814962701
"1987-08-03",15.5492955958586
"1987-08-02",15.2625865623995
"1987-08-01",15.0121174167862
"1987-07-31",15.2402439149232
"1987-07-30",14.4468116348102
"1987-07-29",13.6065975991448
"1987-07-28",14.0573064925131
"1987-07-27",13.4265677046388
"1987-07-26",12.8040258628104
"1987-07-25",11.4030846131529
"1987-07-24",14.3456966220312
"1987-07-23",14.084372373038
"1987-07-22",14.6393091696993
"1987-07-21",13.853303146743
"1987-07-20",15.5259454273721
"1987-07-19",15.4636610565081
"1987-07-18",14.7772469946951
"1987-07-17",13.2310469411938
"1987-07-16",15.6086466385622
"1987-07-15",13.6264302309388
"1987-07-14",12.4443315885603
"1987-07-13",13.3593375599743
"1987-07-12",14.6680431408003
"1987-07-11",15.6589250244036
"1987-07-10",14.0584018018717
"1987-07-09",13.1525311573753
"1987-07-08",13.1242584080943
"1987-07-07",13.9692416700781
"1987-07-06",13.6391684600815
"1987-07-05",13.1331438856747
"1987-07-04",13.4254551495848
"1987-07-03",12.0709167247774
"1987-07-02",15.1898331793233
"1987-07-01",15.0402636056791
"1987-06-30",14.9367275397454
"1987-06-29",14.2075312673034
"1987-06-28",15.543742583201
"1987-06-27",15.6274411240078
"1987-06-26",14.2641814600648
"1987-06-25",15.5325513244287
"1987-06-24",15.7290039882581
"1987-06-23",15.2861758489312
"1987-06-22",16.3252149072873
"1987-06-21",16.9720946839407
"1987-06-20",13.9495941734819
"1987-06-19",13.245505945619
"1987-06-18",12.4807017233547
"1987-06-17",12.4984665844725
"1987-06-16",15.201015991859
"1987-06-15",14.7078498210415
"1987-06-14",14.0715418322214
"1987-06-13",12.8542390437342
"1987-06-12",16.5660071489602
"1987-06-11",17.0992487729744
"1987-06-10",15.1718770665903
"1987-06-09",13.4989563748166
"1987-06-08",13.6834374517743
"1987-06-07",13.5334214953515
"1987-06-06",15.3331774774795
"1987-06-05",15.8345076993306
"1987-06-04",15.2283824391394
"1987-06-03",15.1398260170296
"1987-06-02",14.6614436289347
"1987-06-01",13.6946554576012
"1987-05-31",15.7418543273192
"1987-05-30",13.5832938447294
"1987-05-29",12.5157006201707
"1987-05-28",12.2890977967015
"1987-05-27",15.0192161878282
"1987-05-26",13.3567302194871
"1987-05-25",16.103701880581
"1987-05-24",14.9489202273477
"1987-05-23",13.1967057529932
"1987-05-22",13.8958629467231
"1987-05-21",14.7827441841649
"1987-05-20",14.8355715408667
"1987-05-19",14.9472480702777
"1987-05-18",15.4544666805663
"1987-05-17",15.5823385225614
"1987-05-16",15.8584076835258
"1987-05-15",14.7334650720016
"1987-05-14",17.6541240686231
"1987-05-13",15.805989664758
"1987-05-12",14.6475775439542
"1987-05-11",14.0868329955691
"1987-05-10",14.3583587548478
"1987-05-09",12.6965651730058
"1987-05-08",13.9271888687725
"1987-05-07",14.9698337281716
"1987-05-06",14.6051836886339
"1987-05-05",14.6523344386387
"1987-05-04",13.8101924400763
"1987-05-03",14.1827176926799
"1987-05-02",12.1910309582305
"1987-05-01",14.5673307358862
"1987-04-30",15.1543374976797
"1987-04-29",16.6221760016123
"1987-04-28",17.218284442359
"1987-04-27",14.6941552928543
"1987-04-26",13.1313884658839
"1987-04-25",12.8428186426018
"1987-04-24",13.9674884129342
"1987-04-23",12.3325835857441
"1987-04-22",12.8893326609786
"1987-04-21",11.2924846404203
"1987-04-20",15.4984157576809
"1987-04-19",13.3249049595902
"1987-04-18",13.6910679471719
"1987-04-17",12.0471778744136
"1987-04-16",13.194368252147
"1987-04-15",13.000199813568
"1987-04-14",15.707695574861
"1987-04-13",16.542211283222
"1987-04-12",15.4259364245841
"1987-04-11",11.5891939404362
"1987-04-10",12.7278334429071
"1987-04-09",14.6465143407443
"1987-04-08",15.1615875291533
"1987-04-07",17.794041912913
"1987-04-06",14.9330167301459
"1987-04-05",14.3394853464779
"1987-04-04",13.8160519493541
"1987-04-03",13.0861889425933
"1987-04-02",14.0126321370213
"1987-04-01",13.3874125683957
"1987-03-31",13.0270491432691
"1987-03-30",11.8587589747626
"1987-03-29",15.179612636378
"1987-03-28",13.1321023027178
"1987-03-27",13.841123973187
"1987-03-26",12.3678358672714
"1987-03-25",12.4237349439352
"1987-03-24",13.5956431707848
"1987-03-23",13.6861694864291
"1987-03-22",12.6176215771
"1987-03-21",13.4423362852927
"1987-03-20",14.0252867339966
"1987-03-19",15.7433091359498
"1987-03-18",16.1323555102997
"1987-03-17",13.3575461374938
"1987-03-16",12.2285073155296
"1987-03-15",11.9446020458188
"1987-03-14",12.3262983310602
"1987-03-13",12.8386419528206
"1987-03-12",11.311577994716
"1987-03-11",12.3999445448267
"1987-03-10",11.8576330413248
"1987-03-09",11.9785810164848
"1987-03-08",11.2048906077428
"1987-03-07",15.3986480617773
"1987-03-06",13.8367502248805
"1987-03-05",12.6848110862846
"1987-03-04",13.362813606445
"1987-03-03",12.6426811543135
"1987-03-02",13.3545543209809
"1987-03-01",13.9602715931828
"1987-02-28",13.1210964308007
"1987-02-27",12.4060317566859
"1987-02-26",11.4987516397129
"1987-02-25",12.7258351856531
"1987-02-24",11.3962611381445
"1987-02-23",11.9822721256428
"1987-02-22",12.470896988197
"1987-02-21",16.8531466603527
"1987-02-20",15.3323041973656
"1987-02-19",13.9508552420027
"1987-02-18",14.041103827299
"1987-02-17",14.5006510631558
"1987-02-16",14.4889636365741
"1987-02-15",14.5798953430003
"1987-02-14",12.1287592355216
"1987-02-13",13.5451214256117
"1987-02-12",11.2127372817975
"1987-02-11",14.3066995429066
"1987-02-10",11.9383510547328
"1987-02-09",14.4535107222168
"1987-02-08",13.9346017736311
"1987-02-07",13.1687097104382
"1987-02-06",12.1200110446903
"1987-02-05",12.7491293140509
"1987-02-04",12.9522806461285
"1987-02-03",12.4795900944779
"1987-02-02",14.5936559774613
"1987-02-01",13.8968885491978
"1987-01-31",12.9436064545088
"1987-01-30",12.0549247123774
"1987-01-29",12.3414847800016
"1987-01-28",12.6853831168589
"1987-01-27",14.3394910387195
"1987-01-26",13.6429336112739
"1987-01-25",12.2345010551066
"1987-01-24",13.0421753648054
"1987-01-23",12.0270252362966
"1987-01-22",13.5736749762047
"1987-01-21",12.8639711061226
"1987-01-20",12.7182570651253
"1987-01-19",12.3227838883351
"1987-01-18",14.3894053160592
"1987-01-17",13.2914471595578
"1987-01-16",12.3415990115518
"1987-01-15",15.2823886788255
"1987-01-14",13.4395799198537
"1987-01-13",13.0769333909923
"1987-01-12",13.156456135421
"1987-01-11",14.0076798831837
"1987-01-10",11.4768430458858
"1987-01-09",12.1514587415613
"1987-01-08",15.3925324800542
"1987-01-07",15.1114659944869
"1987-01-06",15.1272429219476
"1987-01-05",14.770617510748
"1987-01-04",14.7263905822938
"1987-01-03",14.3765420842614
"1987-01-02",12.691865327536
"1987-01-01",16.1468545042939
"1986-12-31",13.0282519331542
"1986-12-30",13.7806212096232
"1986-12-29",14.3100844259113
"1986-12-28",14.311106497555
"1986-12-27",15.065202862141
"1986-12-26",12.2323691657911
"1986-12-25",14.4252194765954
"1986-12-24",12.2479570709452
"1986-12-23",13.0740537901132
"1986-12-22",14.0003970105199
"1986-12-21",12.5823979234664
"1986-12-20",13.2428047342239
"1986-12-19",12.8325028237673
"1986-12-18",13.1252090317149
"1986-12-17",15.4811951264327
"1986-12-16",12.0917165869582
"1986-12-15",12.51356590902
"1986-12-14",14.0255599620208
"1986-12-13",13.7881373723543
"1986-12-12",14.3989761181447
"1986-12-11",13.2103271780369
"1986-12-10",14.6559963228048
"1986-12-09",12.8739220309008
"1986-12-08",17.9920866044655
"1986-12-07",16.383840552716
"1986-12-06",14.5199659840346
"1986-12-05",15.2061416664535
"1986-12-04",17.241121735429
"1986-12-03",15.3095489322179
"1986-12-02",14.1296485157752
"1986-12-01",11.5392359004978
"1986-11-30",14.5685873088618
"1986-11-29",13.9415057252176
"1986-11-28",13.5231979042726
"1986-11-27",16.0853082814344
"1986-11-26",12.554048695842
"1986-11-25",14.6067961458221
"1986-11-24",14.3952353023467
"1986-11-23",12.5427309049298
"1986-11-22",12.8317261931196
"1986-11-21",13.7001802539352
"1986-11-20",14.1587598368645
"1986-11-19",13.3198767297383
"1986-11-18",16.1207916571739
"1986-11-17",15.7937714542326
"1986-11-16",16.2392041031307
"1986-11-15",13.9589888453004
"1986-11-14",14.8724303842115
"1986-11-13",13.5337091575318
"1986-11-12",15.2825237982148
"1986-11-11",13.2286221692213
"1986-11-10",15.1913432651076
"1986-11-09",13.8954042634784
"1986-11-08",12.885207856334
"1986-11-07",16.222710252218
"1986-11-06",19.1214605721711
"1986-11-05",17.3024516756919
"1986-11-04",13.4141157444773
"1986-11-03",14.2760706492894
"1986-11-02",14.094473868407
"1986-11-01",15.7820545021956
"1986-10-31",15.4662800534049
"1986-10-30",14.7078885003183
"1986-10-29",12.524384156054
"1986-10-28",13.7746134100931
"1986-10-27",12.8382587298698
"1986-10-26",13.4946870763193
"1986-10-25",13.563110100193
"1986-10-24",11.1008230710676
"1986-10-23",15.968542890478
"1986-10-22",12.759420936185
"1986-10-21",13.4820935858986
"1986-10-20",13.381018173396
"1986-10-19",17.129631490943
"1986-10-18",13.3867624931546
"1986-10-17",14.7072561092114
"1986-10-16",12.8565112569765
"1986-10-15",15.0351544588399
"1986-10-14",16.2390519002957
"1986-10-13",13.3693848488482
"1986-10-12",12.4343341194907
"1986-10-11",14.5016452376427
"1986-10-10",12.368021120361
"1986-10-09",13.7362645077664
"1986-10-08",14.7291267802922
"1986-10-07",15.7506246362376
"1986-10-06",15.1337385734823
"1986-10-05",14.3610701291449
"1986-10-04",13.9580913307482
"1986-10-03",17.940393954467
"1986-10-02",15.3657706847732
"1986-10-01",13.9966443678754
"1986-09-30",12.7494837129333
"1986-09-29",13.3185032283605
"1986-09-28",14.5988348517082
"1986-09-27",16.0494317583209
"1986-09-26",15.8620667616578
"1986-09-25",13.9397383251358
"1986-09-24",15.790536353908
"1986-09-23",12.9241282040598
"1986-09-22",16.0566080503674
"1986-09-21",13.6802395198929
"1986-09-20",13.1731534718226
"1986-09-19",15.5674557348037
"1986-09-18",15.8516581760811
"1986-09-17",14.7575813156026
"1986-09-16",12.9571284117319
"1986-09-15",15.5384147991909
"1986-09-14",15.711936099395
"1986-09-13",13.0432244655293
"1986-09-12",14.959215398104
"1986-09-11",15.2434660200532
"1986-09-10",13.0912357502656
"1986-09-09",15.2119512677917
"1986-09-08",13.517095126719
"1986-09-07",14.7509989595602
"1986-09-06",15.709607774181
"1986-09-05",16.3131286064031
"1986-09-04",14.7963651180644
"1986-09-03",15.782291797046
"1986-09-02",14.9088282629914
"1986-09-01",13.6657341826386
"1986-08-31",12.8282839974168
"1986-08-30",16.7050126843624
"1986-08-29",15.5924316489528
"1986-08-28",14.3777036261076
"1986-08-27",14.56848156513
"1986-08-26",13.5046376801396
"1986-08-25",15.487444637158
"1986-08-24",16.8923545339622
"1986-08-23",15.9430662548538
"1986-08-22",13.8776364629903
"1986-08-21",15.3800590569943
"1986-08-20",15.2076583762606
"1986-08-19",14.3387739975234
"1986-08-18",15.4841703712774
"1986-08-17",15.3800335570608
"1986-08-16",14.7897451099042
"1986-08-15",13.7657655760259
"1986-08-14",12.427340125596
"1986-08-13",12.5185493067381
"1986-08-12",11.9568488484782
"1986-08-11",12.2941834488964
"1986-08-10",13.2503936848488
"1986-08-09",12.5240453116506
"1986-08-08",15.5267136779913
"1986-08-07",15.9743313350449
"1986-08-06",14.7321641193833
"1986-08-05",16.2593023728038
"1986-08-04",15.3021239967764
"1986-08-03",15.8907098872422
"1986-08-02",15.6866350067947
"1986-08-01",15.95809865281
"1986-07-31",14.7815830357765
"1986-07-30",15.1742105165
"1986-07-29",14.2221770920595
"1986-07-28",14.2372322011666
"1986-07-27",12.8442913183658
"1986-07-26",11.9293341467828
"1986-07-25",16.6995836567874
"1986-07-24",16.2466859125964
"1986-07-23",14.6125160008107
"1986-07-22",15.5858218489808
"1986-07-21",16.0630514998075
"1986-07-20",15.8487662013285
"1986-07-19",15.5880245628717
"1986-07-18",13.315028366208
"1986-07-17",16.5742084694403
"1986-07-16",15.5128408513973
"1986-07-15",13.6006443636043
"1986-07-14",13.6760775053948
"1986-07-13",13.5690317605514
"1986-07-12",14.8785144289801
"1986-07-11",14.4229507899883
"1986-07-10",13.6735367933269
"1986-07-09",14.1028625156879
"1986-07-08",14.9539703796033
"1986-07-07",13.900194996506
"1986-07-06",15.3502690081541
"1986-07-05",16.9939450772114
"1986-07-04",16.0379047801287
"1986-07-03",15.5649483850431
"1986-07-02",13.0966274277396
"1986-07-01",11.8419650930135
"1986-06-30",13.0451654282672
"1986-06-29",15.296740426189
"1986-06-28",15.1685531375619
"1986-06-27",14.8588026003413
"1986-06-26",14.2309390957807
"1986-06-25",14.6634377333226
"1986-06-24",14.1465591189492
"1986-06-23",14.1740959253788
"1986-06-22",14.1882396434776
"1986-06-21",13.8807245957321
"1986-06-20",15.6121159170212
"1986-06-19",14.931152276043
"1986-06-18",15.2629616894093
"1986-06-17",14.6596441074286
"1986-06-16",14.5630991860814
"1986-06-15",14.7972966761879
"1986-06-14",14.4645211196245
"1986-06-13",15.8542925125815
"1986-06-12",15.9091909095077
"1986-06-11",15.7777024234419
"1986-06-10",15.7203732755047
"1986-06-09",16.0473505934012
"1986-06-08",15.5908227064734
"1986-06-07",16.0645008532161
"1986-06-06",16.3375904331096
"1986-06-05",16.6301170666347
"1986-06-04",13.8730403278212
"1986-06-03",12.5599672733494
"1986-06-02",16.0871543656631
"1986-06-01",16.2593611050264
"1986-05-31",15.3776780165607
"1986-05-30",15.601175946811
"1986-05-29",15.9824344367263
"1986-05-28",14.9167253756452
"1986-05-27",13.7252092005641
"1986-05-26",14.4770865985202
"1986-05-25",16.199712020141
"1986-05-24",15.1992265850452
"1986-05-23",15.4206891308334
"1986-05-22",15.3913304659241
"1986-05-21",16.2359510529941
"1986-05-20",16.3955477554696
"1986-05-19",15.3500407004095
"1986-05-18",16.8826856100369
"1986-05-17",15.7700928971184
"1986-05-16",15.7411410732903
"1986-05-15",14.7494476173655
"1986-05-14",15.2929893264183
"1986-05-13",15.6820883536594
"1986-05-12",13.0475611030141
"1986-05-11",15.8696367878032
"1986-05-10",16.0767177270334
"1986-05-09",15.97371319332
"1986-05-08",14.8418110362175
"1986-05-07",13.5046891392132
"1986-05-06",14.705681169369
"1986-05-05",14.7869904873983
"1986-05-04",13.4165932952383
"1986-05-03",13.8146129998167
"1986-05-02",14.941517024587
"1986-05-01",14.3669236324089
"1986-04-30",12.77901825637
"1986-04-29",13.597850939826
"1986-04-28",14.7921663569658
"1986-04-27",13.1853462209707
"1986-04-26",14.8119861221207
"1986-04-25",15.2136856528464
"1986-04-24",14.561875287145
"1986-04-23",16.0365355032972
"1986-04-22",15.3996942442363
"1986-04-21",14.3687419180807
"1986-04-20",14.8334610724412
"1986-04-19",14.7574568841363
"1986-04-18",15.2196091042835
"1986-04-17",14.196033007167
"1986-04-16",18.6666495440833
"1986-04-15",15.0937805380377
"1986-04-14",12.95345559741
"1986-04-13",14.1161272771808
"1986-04-12",16.1595557322139
"1986-04-11",11.6656351166311
"1986-04-10",14.6988807263614
"1986-04-09",11.5951550592721
"1986-04-08",14.4237897200934
"1986-04-07",13.4628955062142
"1986-04-06",14.573681453478
"1986-04-05",16.985030527262
"1986-04-04",15.8460870413235
"1986-04-03",13.4866752521425
"1986-04-02",12.7921142863451
"1986-04-01",15.3569185251044
"1986-03-31",16.5711064194961
"1986-03-30",13.8775467603409
"1986-03-29",13.6051553105252
"1986-03-28",17.1491056502514
"1986-03-27",14.0983905216378
"1986-03-26",15.6695927918397
"1986-03-25",15.6853197145428
"1986-03-24",15.7469537916069
"1986-03-23",15.9956382861807
"1986-03-22",16.6729039588647
"1986-03-21",15.7516283389425
"1986-03-20",15.5036422379431
"1986-03-19",12.9992553348246
"1986-03-18",13.1145577543255
"1986-03-17",13.9022685311139
"1986-03-16",14.578357259891
"1986-03-15",15.3281050689279
"1986-03-14",13.6123392458613
"1986-03-13",11.2285273579418
"1986-03-12",13.6471469391498
"1986-03-11",12.9411389657863
"1986-03-10",13.8551894540115
"1986-03-09",12.6584370202491
"1986-03-08",17.1638509447422
"1986-03-07",15.3059659717223
"1986-03-06",15.2094102489576
"1986-03-05",14.371341541277
"1986-03-04",13.7388504207771
"1986-03-03",13.430550670863
"1986-03-02",15.8741854766363
"1986-03-01",14.0672976521075
"1986-02-28",13.6908171522039
"1986-02-27",12.7869876742087
"1986-02-26",13.2754844813004
"1986-02-25",12.5179540325227
"1986-02-24",13.3096979505199
"1986-02-23",13.9671093179728
"1986-02-22",14.3447764784972
"1986-02-21",13.749633935633
"1986-02-20",13.9971810233517
"1986-02-19",12.8298416965572
"1986-02-18",15.5583821567561
"1986-02-17",15.2882855719104
"1986-02-16",17.1774368423332
"1986-02-15",16.5559412179986
"1986-02-14",14.2195833121458
"1986-02-13",11.6800833070142
"1986-02-12",14.3524424344748
"1986-02-11",12.3233307811243
"1986-02-10",14.4813408472453
"1986-02-09",14.9937826716105
"1986-02-08",12.4079280876605
"1986-02-07",13.8622064012792
"1986-02-06",13.6227980355236
"1986-02-05",12.8433609439559
"1986-02-04",11.8465045128273
"1986-02-03",14.2019048679248
"1986-02-02",14.1209748729648
"1986-02-01",14.1756485286186
"1986-01-31",15.4410972166856
"1986-01-30",14.876616247932
"1986-01-29",13.4953042951757
"1986-01-28",14.6579652693281
"1986-01-27",13.2621344467206
"1986-01-26",14.8035765417298
"1986-01-25",12.7348918677973
"1986-01-24",13.4570244644834
"1986-01-23",14.5325032245423
"1986-01-22",13.5794691260998
"1986-01-21",14.6930618355906
"1986-01-20",13.2556540014378
"1986-01-19",13.793918313687
"1986-01-18",12.686945147702
"1986-01-17",13.9964085093742
"1986-01-16",15.3530604666216
"1986-01-15",13.2976235909699
"1986-01-14",13.1187774078915
"1986-01-13",14.7192079906348
"1986-01-12",14.270637604262
"1986-01-11",14.3758380375065
"1986-01-10",12.7896246163549
"1986-01-09",15.0355520548771
"1986-01-08",13.8923695551107
"1986-01-07",13.4508309395853
"1986-01-06",14.134804713461
"1986-01-05",13.9619780336844
"1986-01-04",12.4356363743718
"1986-01-03",14.4511095061876
"1986-01-02",13.8861981597538
"1986-01-01",14.3019516021827
"1985-12-31",15.8690907469569
"1985-12-30",13.6723906678596
"1985-12-29",13.0455225535037
"1985-12-28",13.2522890188437
"1985-12-27",14.3052772964732
"1985-12-26",14.2420357861595
"1985-12-25",14.4428293985271
"1985-12-24",13.716036417421
"1985-12-23",14.5010990438749
"1985-12-22",15.3130700218839
"1985-12-21",14.9765687188243
"1985-12-20",14.5508198184977
"1985-12-19",14.4000008588811
"1985-12-18",13.9205139498531
"1985-12-17",14.7794052519271
"1985-12-16",14.8761294248571
"1985-12-15",14.8941440031322
"1985-12-14",14.8783945060748
"1985-12-13",14.9774998893214
"1985-12-12",16.184009998226
"1985-12-11",15.3413449904944
"1985-12-10",16.5377582834517
"1985-12-09",16.0359771738906
"1985-12-08",17.5812241907063
"1985-12-07",15.4077874972872
"1985-12-06",16.1607760063896
"1985-12-05",16.5304069776842
"1985-12-04",15.5997980983543
"1985-12-03",16.1252313256509
"1985-12-02",14.4552830080597
"1985-12-01",14.8639649813671
"1985-11-30",14.5902455763159
"1985-11-29",15.3500965859858
"1985-11-28",15.2981204976458
"1985-11-27",16.2847202865092
"1985-11-26",16.4832162940973
"1985-11-25",15.7928913523175
"1985-11-24",12.9509308624282
"1985-11-23",13.8065862439027
"1985-11-22",13.629867166626
"1985-11-21",15.451984422064
"1985-11-20",14.2982992521357
"1985-11-19",14.7356133845475
"1985-11-18",14.9786100698752
"1985-11-17",14.1769249119346
"1985-11-16",12.7738941091647
"1985-11-15",19.5691063926281
"1985-11-14",16.6904947737531
"1985-11-13",15.7575513543838
"1985-11-12",16.2609891821316
"1985-11-11",15.2266379875361
"1985-11-10",16.8416417889339
"1985-11-09",15.5142829905976
"1985-11-08",16.3658656249795
"1985-11-07",17.3555362750583
"1985-11-06",17.0152135288922
"1985-11-05",15.670370979314
"1985-11-04",13.3634288990284
"1985-11-03",14.9637373011128
"1985-11-02",13.1806483691119
"1985-11-01",12.4628520576263
"1985-10-31",14.4969605595467
"1985-10-30",16.5725289627659
"1985-10-29",15.2387339582869
"1985-10-28",14.2867149417526
"1985-10-27",12.3464412639786
"1985-10-26",14.5935989728996
"1985-10-25",14.032035869927
"1985-10-24",15.815172664371
"1985-10-23",14.4724329051205
"1985-10-22",13.729288854066
"1985-10-21",13.490678425514
"1985-10-20",12.31183146297
"1985-10-19",15.7680150177611
"1985-10-18",16.6052351259779
"1985-10-17",17.8305572540108
"1985-10-16",14.4632170764466
"1985-10-15",13.9269259815706
"1985-10-14",13.204861397239
"1985-10-13",15.0075049218356
"1985-10-12",17.3922978931216
"1985-10-11",14.6991902180477
"1985-10-10",16.554345844771
"1985-10-09",15.1800583602699
"1985-10-08",15.3735379783118
"1985-10-07",11.9147463286679
"1985-10-06",17.9416212356298
"1985-10-05",15.8821071444471
"1985-10-04",13.4926027800212
"1985-10-03",13.8832464084532
"1985-10-02",15.4575428803668
"1985-10-01",13.3991112696283
"1985-09-30",14.3222183708889
"1985-09-29",13.9499041839852
"1985-09-28",13.6245805649945
"1985-09-27",12.8795773818782
"1985-09-26",16.3971087119302
"1985-09-25",16.3051807168679
"1985-09-24",13.2964083367912
"1985-09-23",14.4240196729214
"1985-09-22",14.7558779803425
"1985-09-21",14.1535424897656
"1985-09-20",15.1186920807935
"1985-09-19",14.0760319682453
"1985-09-18",12.8738871819777
"1985-09-17",14.1308258338591
"1985-09-16",14.2353398288854
"1985-09-15",15.7325609584217
"1985-09-14",16.0999168476462
"1985-09-13",16.3150784255725
"1985-09-12",15.5009696200274
"1985-09-11",16.6714018087609
"1985-09-10",15.8013268148825
"1985-09-09",12.9132597361465
"1985-09-08",13.5248790467245
"1985-09-07",15.4865522427271
"1985-09-06",14.549493348674
"1985-09-05",14.4116317157814
"1985-09-04",14.9638592061178
"1985-09-03",14.2600823730446
"1985-09-02",15.692434266908
"1985-09-01",14.9427039870638
"1985-08-31",13.7985898524734
"1985-08-30",11.8717911930666
"1985-08-29",16.2785803806547
"1985-08-28",14.1435080276944
"1985-08-27",15.4326959829956
"1985-08-26",16.1378684061857
"1985-08-25",13.7068244059779
"1985-08-24",16.3069436437759
"1985-08-23",13.8563408349779
"1985-08-22",12.8795010298716
"1985-08-21",12.6131775004051
"1985-08-20",15.0183569683638
"1985-08-19",15.159683605049
"1985-08-18",15.4782560457002
"1985-08-17",14.8106191866249
"1985-08-16",16.5193259648614
"1985-08-15",15.2300412906219
"1985-08-14",14.345360092359
"1985-08-13",14.1383376615925
"1985-08-12",12.811748212274
"1985-08-11",14.9413973734269
"1985-08-10",14.6010132695985
"1985-08-09",15.6081649398462
"1985-08-08",16.281120600581
"1985-08-07",15.975917474003
"1985-08-06",17.0790624868893
"1985-08-05",14.5789880006215
"1985-08-04",14.51639870768
"1985-08-03",13.5725067940555
"1985-08-02",14.7957973044826
"1985-08-01",14.4508561908265
"1985-07-31",13.9353612361484
"1985-07-30",16.6608075218978
"1985-07-29",13.9041137182601
"1985-07-28",11.1841978699804
"1985-07-27",15.9270266652672
"1985-07-26",12.5341101683863
"1985-07-25",11.9757581713795
"1985-07-24",10.9159300198247
"1985-07-23",15.4876408660493
"1985-07-22",15.1823656728231
"1985-07-21",13.1123280041971
"1985-07-20",13.1400969870253
"1985-07-19",13.6066161080187
"1985-07-18",15.4110248455283
"1985-07-17",14.341555660816
"1985-07-16",15.7046229930219
"1985-07-15",15.1665983493753
"1985-07-14",14.1532757248208
"1985-07-13",15.4764127289721
"1985-07-12",14.6608135309982
"1985-07-11",13.7906055798959
"1985-07-10",15.1387098673995
"1985-07-09",15.4700050170417
"1985-07-08",14.3705215684259
"1985-07-07",14.0844822017757
"1985-07-06",13.596241314639
"1985-07-05",14.9481127295425
"1985-07-04",16.8543759960589
"1985-07-03",16.8693347536859
"1985-07-02",17.3448601698305
"1985-07-01",16.6023076738948
"1985-06-30",16.6375274183456
"1985-06-29",16.6829140065356
"1985-06-28",15.3318035683163
"1985-06-27",15.3805734196295
"1985-06-26",15.2573024007719
"1985-06-25",12.625297772073
"1985-06-24",11.4174665856744
"1985-06-23",14.5862608218046
"1985-06-22",14.7897625193912
"1985-06-21",15.7088498301971
"1985-06-20",14.8634601137269
"1985-06-19",14.8864456149942
"1985-06-18",15.6103150269387
"1985-06-17",15.3659962556309
"1985-06-16",14.5289196790219
"1985-06-15",16.4134634122193
"1985-06-14",15.3548865443711
"1985-06-13",14.4523742799747
"1985-06-12",15.3466732830045
"1985-06-11",16.306859102982
"1985-06-10",14.7922372173945
"1985-06-09",13.0011831353403
"1985-06-08",15.1066437107285
"1985-06-07",15.3909530360296
"1985-06-06",13.8663888366035
"1985-06-05",14.1938741014154
"1985-06-04",13.1418379089348
"1985-06-03",14.1723940940128
"1985-06-02",12.8446153283337
"1985-06-01",15.9866841773333
"1985-05-31",16.4566888137873
"1985-05-30",17.5317137752483
"1985-05-29",16.4928859096814
"1985-05-28",15.0287539205427
"1985-05-27",13.6553023318026
"1985-05-26",13.4587525510307
"1985-05-25",14.018641354744
"1985-05-24",15.8539305304379
"1985-05-23",13.1613895155147
"1985-05-22",14.9029050511797
"1985-05-21",14.4155967316605
"1985-05-20",13.7978838051472
"1985-05-19",14.7118554104515
"1985-05-18",12.6899001294184
"1985-05-17",14.0964658408877
"1985-05-16",15.7061204178454
"1985-05-15",15.7068716930862
"1985-05-14",13.4706631432574
"1985-05-13",15.6951756673376
"1985-05-12",16.9218958822374
"1985-05-11",16.2374175889707
"1985-05-10",15.5706883111276
"1985-05-09",15.6753828858743
"1985-05-08",13.9784608388672
"1985-05-07",17.5882076780628
"1985-05-06",16.7458783946358
"1985-05-05",15.4321662670764
"1985-05-04",13.6443247988181
"1985-05-03",14.8938349667799
"1985-05-02",14.4667895322004
"1985-05-01",14.5065037263076
"1985-04-30",15.6755043239729
"1985-04-29",14.8093305316446
"1985-04-28",14.5198725476638
"1985-04-27",14.2040009992084
"1985-04-26",13.5222239509673
"1985-04-25",13.9694514048799
"1985-04-24",12.530435048028
"1985-04-23",14.010361614253
"1985-04-22",12.0884547441557
"1985-04-21",14.6583755768053
"1985-04-20",13.790703399907
"1985-04-19",14.1969075645111
"1985-04-18",13.2232627484092
"1985-04-17",14.6767527115802
"1985-04-16",15.9281855725865
"1985-04-15",20.1481779467
"1985-04-14",17.6234239014365
"1985-04-13",18.6751925256882
"1985-04-12",16.7390508790346
"1985-04-11",16.7195818607908
"1985-04-10",16.4905186716177
"1985-04-09",16.4477097123859
"1985-04-08",16.6201685318001
"1985-04-07",16.1998719760062
"1985-04-06",16.9197432153164
"1985-04-05",16.9691485737682
"1985-04-04",16.5752001967442
"1985-04-03",13.7653615679125
"1985-04-02",16.4515432709497
"1985-04-01",15.4112451632058
"1985-03-31",14.7312847235493
"1985-03-30",16.3557572910053
"1985-03-29",15.1302886161729
"1985-03-28",13.6499032845685
"1985-03-27",14.1211095377837
"1985-03-26",14.3931890266416
"1985-03-25",15.8025755186605
"1985-03-24",17.0143568486989
"1985-03-23",16.9520391169563
"1985-03-22",16.0195051458326
"1985-03-21",16.8017195247469
"1985-03-20",15.9827290191492
"1985-03-19",16.0168428722848
"1985-03-18",15.4575666987895
"1985-03-17",16.3785232532743
"1985-03-16",17.6032125252475
"1985-03-15",18.5207052056088
"1985-03-14",15.0948274275754
"1985-03-13",18.0088516507842
"1985-03-12",17.6809866225966
"1985-03-11",15.3411082698796
"1985-03-10",14.6800856890031
"1985-03-09",14.1232925912445
"1985-03-08",11.8236891155345
"1985-03-07",13.6552886154236
"1985-03-06",12.4183808798561
"1985-03-05",13.2507963635208
"1985-03-04",14.1565401314631
"1985-03-03",14.5932668204545
"1985-03-02",14.3297262313226
"1985-03-01",12.7569484198255
"1985-02-28",11.9029149018697
"1985-02-27",13.6901331363024
"1985-02-26",14.1185437804506
"1985-02-25",12.0893067462148
"1985-02-24",13.0929712856807
"1985-02-23",15.7364373465538
"1985-02-22",15.0132967019086
"1985-02-21",14.4425563880815
"1985-02-20",12.2972041283057
"1985-02-19",12.96963053234
"1985-02-18",13.0259579177752
"1985-02-17",14.6206457742934
"1985-02-16",12.1602794061354
"1985-02-15",14.060313591962
"1985-02-14",14.6473192627682
"1985-02-13",14.6275332041097
"1985-02-12",13.6953790667174
"1985-02-11",14.5702989426122
"1985-02-10",13.2393588589802
"1985-02-09",13.7411202099481
"1985-02-08",13.7200733944495
"1985-02-07",15.8864923849517
"1985-02-06",13.962300813515
"1985-02-05",16.3315004743974
"1985-02-04",14.019994223842
"1985-02-03",11.5794901153776
"1985-02-02",14.1812334457992
"1985-02-01",14.0199472041017
"1985-01-31",15.3390563876547
"1985-01-30",13.4302398112707
"1985-01-29",14.0313592765449
"1985-01-28",15.7130042105784
"1985-01-27",13.583415686955
"1985-01-26",13.0310873943064
"1985-01-25",14.2878460511587
"1985-01-24",14.4733909361967
"1985-01-23",14.6429408247942
"1985-01-22",12.8018118832124
"1985-01-21",14.3418574967221
"1985-01-20",12.6365301083985
"1985-01-19",13.19554497292
"1985-01-18",12.6009936004121
"1985-01-17",14.9290022170253
"1985-01-16",14.609912221327
"1985-01-15",17.0598803761606
"1985-01-14",14.2145898700261
"1985-01-13",13.9845595879903
"1985-01-12",14.3642188355343
"1985-01-11",13.7608031237224
"1985-01-10",14.5088382427641
"1985-01-09",13.1009032442354
"1985-01-08",14.1405580641737
"1985-01-07",12.3989122248237
"1985-01-06",14.6877667187078
"1985-01-05",13.7109416692586
"1985-01-04",13.5968140290879
"1985-01-03",15.1749086713263
"1985-01-02",13.7321207437483
"1985-01-01",15.4456845296468
"1984-12-31",15.3611918705575
"1984-12-30",15.5954611955706
"1984-12-29",13.8391342284008
"1984-12-28",13.5472045232045
"1984-12-27",13.7877482482335
"1984-12-26",13.523380034372
"1984-12-25",15.8641467081357
"1984-12-24",14.7827482191554
"1984-12-23",13.0030596758786
"1984-12-22",15.1449171948699
"1984-12-21",12.9997370930852
"1984-12-20",13.6520357482167
"1984-12-19",13.2754638644843
"1984-12-18",16.5122409587401
"1984-12-17",14.0867858450207
"1984-12-16",13.5916432992622
"1984-12-15",14.2635456728334
"1984-12-14",14.1968868562422
"1984-12-13",14.7876935744937
"1984-12-12",13.6247567197232
"1984-12-11",16.5021315746352
"1984-12-10",13.3068446821974
"1984-12-09",14.3408217617453
"1984-12-08",13.0445038733708
"1984-12-07",14.5762267253649
"1984-12-06",14.9158734908705
"1984-12-05",14.1919607305669
"1984-12-04",13.0334439217787
"1984-12-03",13.7035853218261
"1984-12-02",15.0126205947114
"1984-12-01",13.9704027646855
"1984-11-30",14.7728397762549
"1984-11-29",14.6218909590253
"1984-11-28",12.8578287561025
"1984-11-27",21.1000780358332
"1984-11-26",16.5903662209042
"1984-11-25",12.7440453215145
"1984-11-24",14.9131446013929
"1984-11-23",13.402740347195
"1984-11-22",13.5693782990185
"1984-11-21",15.9227805009011
"1984-11-20",15.9650384357781
"1984-11-19",17.1198795053734
"1984-11-18",15.0035726810814
"1984-11-17",16.1517909243837
"1984-11-16",12.541273215741
"1984-11-15",15.0827679512155
"1984-11-14",14.6048414429789
"1984-11-13",15.1419960435815
"1984-11-12",15.4925295974537
"1984-11-11",14.8073613419394
"1984-11-10",18.6137519517775
"1984-11-09",17.1259671335773
"1984-11-08",15.3207673140191
"1984-11-07",14.4299202945813
"1984-11-06",13.8419838886071
"1984-11-05",14.82336299156
"1984-11-04",15.7386934060644
"1984-11-03",14.5209031246678
"1984-11-02",17.7060436984186
"1984-11-01",16.126326716402
"1984-10-31",13.6874975538508
"1984-10-30",14.5996914713414
"1984-10-29",14.4352956585263
"1984-10-28",16.5465481526607
"1984-10-27",14.5646686165319
"1984-10-26",14.344850069262
"1984-10-25",14.2337100847824
"1984-10-24",19.1383760067363
"1984-10-23",15.0421121771155
"1984-10-22",12.7507858413932
"1984-10-21",14.7039025356932
"1984-10-20",14.5693632262408
"1984-10-19",14.5829606292415
"1984-10-18",13.8964500304239
"1984-10-17",12.454039674201
"1984-10-16",12.7668361531505
"1984-10-15",14.6484662850051
"1984-10-14",13.7474941348647
"1984-10-13",18.6360719622552
"1984-10-12",16.5906689892958
"1984-10-11",13.8116163861175
"1984-10-10",16.0847255801429
"1984-10-09",16.707632072659
"1984-10-08",18.6252473266337
"1984-10-07",14.0804239895874
"1984-10-06",13.9080946913152
"1984-10-05",15.5140642972337
"1984-10-04",14.6328299984463
"1984-10-03",18.2587628596206
"1984-10-02",16.5047629808158
"1984-10-01",12.1727090518417
"1984-09-30",13.803163013298
"1984-09-29",13.2551882509214
"1984-09-28",13.007606755292
"1984-09-27",15.8529576737709
"1984-09-26",14.396869320507
"1984-09-25",13.1357883521989
"1984-09-24",15.1551297826924
"1984-09-23",13.9323722470188
"1984-09-22",13.5353224064722
"1984-09-21",14.4471115863377
"1984-09-20",16.3042913901645
"1984-09-19",15.0428988609286
"1984-09-18",14.8694039407495
"1984-09-17",16.1672073277774
"1984-09-16",16.4477057859485
"1984-09-15",13.4957717845394
"1984-09-14",13.2819988616279
"1984-09-13",15.1397898571779
"1984-09-12",12.829791296605
"1984-09-11",15.3965141606222
"1984-09-10",16.0091419722017
"1984-09-09",15.3534339201787
"1984-09-08",15.3948561864062
"1984-09-07",15.5025477169632
"1984-09-06",12.8488931042499
"1984-09-05",15.1052458896236
"1984-09-04",13.8977718815768
"1984-09-03",16.7117831146847
"1984-09-02",15.1548947723993
"1984-09-01",16.4930966339933
"1984-08-31",15.8398247862989
"1984-08-30",13.2839701476428
"1984-08-29",15.0923236092772
"1984-08-28",14.1515271057509
"1984-08-27",14.4052384747463
"1984-08-26",15.8126049465061
"1984-08-25",14.0632428497733
"1984-08-24",15.9637575707575
"1984-08-23",14.3924051296387
"1984-08-22",15.1376989231433
"1984-08-21",15.6000208665733
"1984-08-20",15.4081280149052
"1984-08-19",14.8954252080827
"1984-08-18",15.3416355639163
"1984-08-17",15.4396956333911
"1984-08-16",14.0743583187593
"1984-08-15",15.1588069595096
"1984-08-14",15.4662463546958
"1984-08-13",15.3413743576586
"1984-08-12",15.9221537979876
"1984-08-11",14.3251000775842
"1984-08-10",15.5238377916861
"1984-08-09",16.9107507883764
"1984-08-08",17.1679111040273
"1984-08-07",16.3827404526155
"1984-08-06",15.5422499257809
"1984-08-05",16.6835903313607
"1984-08-04",16.9182548856431
"1984-08-03",16.1931357489871
"1984-08-02",17.0248933908027
"1984-08-01",16.4710585381744
"1984-07-31",16.6592693549959
"1984-07-30",14.4683645741584
"1984-07-29",16.3781431362308
"1984-07-28",14.8110696319185
"1984-07-27",13.7884808090286
"1984-07-26",13.9883703199477
"1984-07-25",15.0435532081611
"1984-07-24",15.524140835085
"1984-07-23",14.9112893933523
"1984-07-22",14.4140948033632
"1984-07-21",14.3138033778134
"1984-07-20",13.4852158374978
"1984-07-19",15.5442610094553
"1984-07-18",14.7100375389604
"1984-07-17",15.9697444114184
"1984-07-16",12.2447773449823
"1984-07-15",11.9410273106268
"1984-07-14",11.4498942756294
"1984-07-13",15.4576187431113
"1984-07-12",15.8867083886203
"1984-07-11",15.8733834219469
"1984-07-10",16.0422912656813
"1984-07-09",14.8512362298861
"1984-07-08",15.6568862048955
"1984-07-07",12.9190714498047
"1984-07-06",12.0568111215748
"1984-07-05",13.7511074745635
"1984-07-04",13.1432331520294
"1984-07-03",12.6289544607328
"1984-07-02",15.3103376757633
"1984-07-01",16.1735463774893
"1984-06-30",16.1652330194211
"1984-06-29",15.4161683542964
"1984-06-28",15.4733449050906
"1984-06-27",15.1209559439093
"1984-06-26",15.4053286070404
"1984-06-25",16.5863787331387
"1984-06-24",15.7116900968862
"1984-06-23",15.4511986429921
"1984-06-22",15.6076637702401
"1984-06-21",12.6089190230757
"1984-06-20",13.6916671873128
"1984-06-19",16.7413043250043
"1984-06-18",14.4556280105996
"1984-06-17",13.1263581367812
"1984-06-16",16.9368946000013
"1984-06-15",15.663595955896
"1984-06-14",13.9461444875609
"1984-06-13",12.2564714171988
"1984-06-12",15.647353579931
"1984-06-11",14.2256399321618
"1984-06-10",12.7525885207338
"1984-06-09",16.401345363184
"1984-06-08",15.5163089475297
"1984-06-07",17.0159237330509
"1984-06-06",14.9957853684645
"1984-06-05",14.2222099809
"1984-06-04",17.2634701606999
"1984-06-03",16.5403491167119
"1984-06-02",15.5781203631925
"1984-06-01",15.2369863719794
"1984-05-31",15.6782464309266
"1984-05-30",16.5753980688435
"1984-05-29",14.7922872694291
"1984-05-28",13.611172750939
"1984-05-27",15.8531648879831
"1984-05-26",14.766172557602
"1984-05-25",14.9132544175806
"1984-05-24",15.3887250309442
"1984-05-23",15.0219587916918
"1984-05-22",16.7507407242551
"1984-05-21",15.3658951155695
"1984-05-20",14.7154806949382
"1984-05-19",15.3031148847116
"1984-05-18",14.2185375107002
"1984-05-17",14.0294971663284
"1984-05-16",13.728910292259
"1984-05-15",12.6683806565378
"1984-05-14",13.8442291642933
"1984-05-13",12.3442129958406
"1984-05-12",15.0772369580217
"1984-05-11",15.0859839323925
"1984-05-10",13.848644154711
"1984-05-09",12.868872848274
"1984-05-08",13.2400263406678
"1984-05-07",12.060093977631
"1984-05-06",11.8819480728872
"1984-05-05",12.3339654453889
"1984-05-04",13.9217241356924
"1984-05-03",16.9459044706809
"1984-05-02",16.8049580617635
"1984-05-01",15.048839440926
"1984-04-30",12.4854811053477
"1984-04-29",15.7687191577603
"1984-04-28",15.7093774180023
"1984-04-27",13.8180116022716
"1984-04-26",14.4970409646747
"1984-04-25",15.2588190741215
"1984-04-24",13.6016528807981
"1984-04-23",16.2158994229451
"1984-04-22",14.1250247175369
"1984-04-21",15.5329476625323
"1984-04-20",15.9673640934367
"1984-04-19",14.1881024596364
"1984-04-18",16.2707212610744
"1984-04-17",13.5564755261539
"1984-04-16",15.4704495739121
"1984-04-15",14.2863226049992
"1984-04-14",14.254252546742
"1984-04-13",14.7760758482882
"1984-04-12",14.410458263835
"1984-04-11",13.7752720202679
"1984-04-10",13.7314961142666
"1984-04-09",12.8201352096378
"1984-04-08",14.6560679756571
"1984-04-07",14.8582709643254
"1984-04-06",13.536546277
"1984-04-05",12.5638448767201
"1984-04-04",12.9227099630319
"1984-04-03",13.6319033908682
"1984-04-02",13.2232558033846
"1984-04-01",13.3590555152591
"1984-03-31",15.648934001503
"1984-03-30",15.5199004814924
"1984-03-29",12.7801871556997
"1984-03-28",11.6334579284496
"1984-03-27",13.6064119495414
"1984-03-26",11.9533402271533
"1984-03-25",16.6694916457589
"1984-03-24",16.2398323543182
"1984-03-23",14.922319084341
"1984-03-22",13.7229869204475
"1984-03-21",14.5533680911348
"1984-03-20",15.3129222805042
"1984-03-19",14.3578693788666
"1984-03-18",15.1100505254188
"1984-03-17",12.7014449198963
"1984-03-16",14.764001704692
"1984-03-15",13.8622193184962
"1984-03-14",12.5078764459557
"1984-03-13",15.668736915621
"1984-03-12",12.7996972989503
"1984-03-11",14.7267349200008
"1984-03-10",12.3811176482063
"1984-03-09",14.4584727845757
"1984-03-08",13.5341777839834
"1984-03-07",17.2241572554036
"1984-03-06",14.5974316222506
"1984-03-05",13.3484799844164
"1984-03-04",12.8481026507037
"1984-03-03",11.380897446739
"1984-03-02",13.2955198769419
"1984-03-01",14.2939705364937
"1984-02-29",12.2606416981128
"1984-02-28",15.0288963859722
"1984-02-27",12.8480162171188
"1984-02-26",13.8892094947275
"1984-02-25",13.7710515042464
"1984-02-24",15.6161650112772
"1984-02-23",13.8576768552229
"1984-02-22",16.0791956487428
"1984-02-21",16.4481131911274
"1984-02-20",15.3488236953614
"1984-02-19",13.8164083915579
"1984-02-18",15.2133273891347
"1984-02-17",14.7367965943181
"1984-02-16",14.2643055587354
"1984-02-15",13.9802698374055
"1984-02-14",13.3925846252222
"1984-02-13",15.2015345833356
"1984-02-12",14.8012254793596
"1984-02-11",14.5247774900003
"1984-02-10",15.0289618521538
"1984-02-09",13.9549785133626
"1984-02-08",15.968497872109
"1984-02-07",14.7910782311361
"1984-02-06",13.720309612533
"1984-02-05",14.8166492504558
"1984-02-04",13.7844293129313
"1984-02-03",12.0673563745135
"1984-02-02",14.5798717773911
"1984-02-01",13.0334469186033
"1984-01-31",13.2067836070324
"1984-01-30",14.7761401480234
"1984-01-29",12.4767570792429
"1984-01-28",12.6899848405472
"1984-01-27",13.3186558802686
"1984-01-26",16.7214254904237
"1984-01-25",14.4331059380189
"1984-01-24",12.2731385926146
"1984-01-23",13.5891691811009
"1984-01-22",13.4952159373844
"1984-01-21",14.861497416094
"1984-01-20",13.4260992078303
"1984-01-19",13.6579419023659
"1984-01-18",12.4145847136361
"1984-01-17",16.3786962913383
"1984-01-16",16.0938013844001
"1984-01-15",16.6555532936292
"1984-01-14",15.7079534661206
"1984-01-13",14.8608401345639
"1984-01-12",13.3935088039388
"1984-01-11",15.2196239960119
"1984-01-10",14.4197461265921
"1984-01-09",13.7871797562043
"1984-01-08",15.3383733469932
"1984-01-07",16.2886649329388
"1984-01-06",13.3567699747546
"1984-01-05",13.2544528101674
"1984-01-04",16.3108500119927
"1984-01-03",15.9186870985593
"1984-01-02",17.6274006594069
"1984-01-01",16.2340037285724
"1983-12-31",18.0232514507449
"1983-12-30",16.4178355088954
"1983-12-29",13.2452963168073
"1983-12-28",14.8497474998613
"1983-12-27",14.9885953188037
"1983-12-26",17.1089705911741
"1983-12-25",14.3821395041583
"1983-12-24",17.0321009719028
"1983-12-23",13.707091526688
"1983-12-22",16.4092729882174
"1983-12-21",18.928568068558
"1983-12-20",14.584781928949
"1983-12-19",15.6437742916981
"1983-12-18",15.4787746524099
"1983-12-17",15.665646035741
"1983-12-16",15.6371716396154
"1983-12-15",13.6172577650532
"1983-12-14",15.440556174568
"1983-12-13",16.9510789663802
"1983-12-12",14.658984390557
"1983-12-11",13.5735527812951
"1983-12-10",15.5742495178239
"1983-12-09",14.6494841285004
"1983-12-08",14.5197430843211
"1983-12-07",16.5971093452323
"1983-12-06",14.5283930390866
"1983-12-05",15.2280768574516
"1983-12-04",15.4140520262357
"1983-12-03",14.6525398245387
"1983-12-02",14.2788200845391
"1983-12-01",17.5074003980708
"1983-11-30",17.4165687178723
"1983-11-29",16.8787994491098
"1983-11-28",15.9110225525308
"1983-11-27",16.1368378973666
"1983-11-26",16.958848640043
"1983-11-25",16.1404137475328
"1983-11-24",16.0240497657085
"1983-11-23",17.6768708179065
"1983-11-22",13.8447616543688
"1983-11-21",14.9856048012838
"1983-11-20",12.4356435060644
"1983-11-19",14.7122114494258
"1983-11-18",12.118024574097
"1983-11-17",13.2041513972696
"1983-11-16",15.8787818960944
"1983-11-15",15.757022730833
"1983-11-14",14.7769471621324
"1983-11-13",14.7960157581679
"1983-11-12",15.0041577656939
"1983-11-11",13.282377192682
"1983-11-10",14.5380873708673
"1983-11-09",16.7440122878867
"1983-11-08",16.9975922251578
"1983-11-07",13.5137321909676
"1983-11-06",13.6228903530491
"1983-11-05",14.960630140125
"1983-11-04",16.2521513275755
"1983-11-03",14.8657043348918
"1983-11-02",15.8558372685713
"1983-11-01",14.8082380516579
"1983-10-31",14.6643969003432
"1983-10-30",14.1725495652896
"1983-10-29",15.7628906714924
"1983-10-28",17.1473430207099
"1983-10-27",15.6501869912059
"1983-10-26",16.3660930799527
"1983-10-25",16.183694846198
"1983-10-24",16.3446234942209
"1983-10-23",13.5386873881518
"1983-10-22",15.5388276973743
"1983-10-21",14.1692342621277
"1983-10-20",16.457689886988
"1983-10-19",15.170556810061
"1983-10-18",15.3943836246159
"1983-10-17",16.1727925870268
"1983-10-16",15.9040799936244
"1983-10-15",18.479254023442
"1983-10-14",16.697848419884
"1983-10-13",16.7858856853141
"1983-10-12",14.8535036254705
"1983-10-11",14.7553786210002
"1983-10-10",13.5347336590792
"1983-10-09",13.3086719467688
"1983-10-08",13.9385586342919
"1983-10-07",14.0118149089299
"1983-10-06",14.0716216115416
"1983-10-05",15.7637474388606
"1983-10-04",13.5641246774244
"1983-10-03",17.8994761775348
"1983-10-02",15.2540831735699
"1983-10-01",15.5319078676684
"1983-09-30",15.1221439564631
"1983-09-29",18.3817399499439
"1983-09-28",16.7426504852523
"1983-09-27",12.1454057314432
"1983-09-26",14.8087013852623
"1983-09-25",13.8521570489589
"1983-09-24",17.5754020512316
"1983-09-23",15.3194740453268
"1983-09-22",14.3228037379699
"1983-09-21",17.4679332026072
"1983-09-20",17.4076514516503
"1983-09-19",13.9284688732227
"1983-09-18",17.0699650853862
"1983-09-17",13.6592825066426
"1983-09-16",12.9635398064903
"1983-09-15",14.1184720525375
"1983-09-14",14.9281473850345
"1983-09-13",13.411584032333
"1983-09-12",15.7578399492875
"1983-09-11",15.3325654996973
"1983-09-10",16.0998196035728
"1983-09-09",17.1939038192061
"1983-09-08",16.6276508676441
"1983-09-07",16.1890111038209
"1983-09-06",16.5392200179977
"1983-09-05",13.485858056245
"1983-09-04",16.586420350448
"1983-09-03",16.4993446226757
"1983-09-02",16.2957584693419
"1983-09-01",15.918831493818
"1983-08-31",17.0267873958845
"1983-08-30",15.6798540158688
"1983-08-29",14.3907920790235
"1983-08-28",16.0673047431095
"1983-08-27",13.6242143698366
"1983-08-26",18.2869177842326
"1983-08-25",15.7067013336232
"1983-08-24",16.4699959901303
"1983-08-23",16.7012662823517
"1983-08-22",16.9731770466883
"1983-08-21",14.4597918753887
"1983-08-20",12.9636865278536
"1983-08-19",14.2032702421024
"1983-08-18",14.9812897408
"1983-08-17",18.3180654913963
"1983-08-16",18.7220562754109
"1983-08-15",16.1633640903455
"1983-08-14",14.4460524274273
"1983-08-13",15.1987261221578
"1983-08-12",16.4245301756397
"1983-08-11",16.8739457852805
"1983-08-10",16.9444008345534
"1983-08-09",16.1467141160054
"1983-08-08",16.5059883401717
"1983-08-07",15.3677793238874
"1983-08-06",13.6130019230501
"1983-08-05",15.8298368117002
"1983-08-04",15.8738570627322
"1983-08-03",15.8929273554965
"1983-08-02",15.3362057530357
"1983-08-01",16.7790116338582
"1983-07-31",16.4569756222545
"1983-07-30",16.7630561051497
"1983-07-29",15.7722405918155
"1983-07-28",17.9555395013616
"1983-07-27",16.250006831517
"1983-07-26",12.729251373988
"1983-07-25",11.2542078360548
"1983-07-24",15.149060808769
"1983-07-23",14.9013109710004
"1983-07-22",13.2625934190628
"1983-07-21",13.4370263806072
"1983-07-20",15.7838823975181
"1983-07-19",14.9578453615302
"1983-07-18",13.5712205508768
"1983-07-17",16.0948798738694
"1983-07-16",14.9077522000648
"1983-07-15",16.2360144258863
"1983-07-14",15.3172651083565
"1983-07-13",14.8741392697523
"1983-07-12",14.987509946707
"1983-07-11",12.6583863494697
"1983-07-10",16.0192598094315
"1983-07-09",16.3267700998055
"1983-07-08",16.2303462288132
"1983-07-07",15.8714711171169
"1983-07-06",16.1860082021917
"1983-07-05",15.3193009881902
"1983-07-04",16.5436334649298
"1983-07-03",16.7490989217625
"1983-07-02",16.3581836516426
"1983-07-01",14.9391714324334
"1983-06-30",13.6453393704151
"1983-06-29",15.0953382624835
"1983-06-28",14.198572992052
"1983-06-27",13.1520167865961
"1983-06-26",15.7369203258253
"1983-06-25",15.9942058784858
"1983-06-24",15.4216593196045
"1983-06-23",14.3785244687365
"1983-06-22",17.9233193087243
"1983-06-21",15.2342307983705
"1983-06-20",13.2829338120661
"1983-06-19",12.5614917249104
"1983-06-18",13.4414841522899
"1983-06-17",13.636365372183
"1983-06-16",16.5299165934455
"1983-06-15",15.9514592834091
"1983-06-14",15.2340160557861
"1983-06-13",15.4649784466009
"1983-06-12",13.7871922607067
"1983-06-11",15.4267991972324
"1983-06-10",16.0289935339023
"1983-06-09",14.7263644684779
"1983-06-08",16.48873972402
"1983-06-07",15.4095616192081
"1983-06-06",14.0266229333349
"1983-06-05",15.8232711010384
"1983-06-04",13.6223396568949
"1983-06-03",16.6912625990857
"1983-06-02",16.9289152254463
"1983-06-01",16.2732247056997
"1983-05-31",15.0675086600285
"1983-05-30",15.4578853187741
"1983-05-29",17.5328893089693
"1983-05-28",15.8229155986709
"1983-05-27",13.9986155518543
"1983-05-26",16.6674930603322
"1983-05-25",18.0934170642812
"1983-05-24",15.1991528087582
"1983-05-23",14.0802160287157
"1983-05-22",14.6409394881596
"1983-05-21",15.0756767745983
"1983-05-20",14.8532648655815
"1983-05-19",13.4995165177264
"1983-05-18",13.2291598421548
"1983-05-17",13.8439311042861
"1983-05-16",16.0864257901272
"1983-05-15",18.135703571107
"1983-05-14",16.201012064819
"1983-05-13",13.4992829629514
"1983-05-12",16.8124046997008
"1983-05-11",17.5005375682609
"1983-05-10",15.8126936519111
"1983-05-09",17.0595905526438
"1983-05-08",15.9090009283563
"1983-05-07",17.1071329409396
"1983-05-06",15.3442566718599
"1983-05-05",16.8830064761853
"1983-05-04",16.9293925030404
"1983-05-03",16.879024338747
"1983-05-02",16.2453838764735
"1983-05-01",16.1137788114589
"1983-04-30",15.3428721364397
"1983-04-29",13.8679591626437
"1983-04-28",16.2649621259666
"1983-04-27",16.4128128659174
"1983-04-26",14.7334689980629
"1983-04-25",16.3549719576518
"1983-04-24",17.8086145385718
"1983-04-23",17.0716577994175
"1983-04-22",15.032730228903
"1983-04-21",13.4486635845077
"1983-04-20",13.9970601071718
"1983-04-19",13.2908961274654
"1983-04-18",12.9876131355284
"1983-04-17",12.2197410743989
"1983-04-16",13.9839793406986
"1983-04-15",14.843639467435
"1983-04-14",15.1531276691753
"1983-04-13",14.1449008223151
"1983-04-12",16.4138763767287
"1983-04-11",16.8781220901112
"1983-04-10",13.8369341777027
"1983-04-09",11.7333474967268
"1983-04-08",12.3489993142992
"1983-04-07",12.0619635741337
"1983-04-06",13.8609459173468
"1983-04-05",14.6501044383936
"1983-04-04",12.0649221504279
"1983-04-03",14.8916476931947
"1983-04-02",14.5701420511388
"1983-04-01",14.8169318829421
"1983-03-31",15.5978868247285
"1983-03-30",13.3270786005694
"1983-03-29",13.3730954079301
"1983-03-28",14.5072330587711
"1983-03-27",14.0640889659551
"1983-03-26",12.9512115660715
"1983-03-25",14.1435214832929
"1983-03-24",15.3016526401013
"1983-03-23",15.8367321936375
"1983-03-22",16.2557800173389
"1983-03-21",15.1769036903554
"1983-03-20",16.5425042552196
"1983-03-19",15.5405663887364
"1983-03-18",13.8888686902825
"1983-03-17",14.330336941974
"1983-03-16",13.9809663521651
"1983-03-15",15.2299127022671
"1983-03-14",14.6284686081165
"1983-03-13",18.4134170676902
"1983-03-12",14.7880056840386
"1983-03-11",14.4437957232518
"1983-03-10",14.8559053333026
"1983-03-09",17.7422290973385
"1983-03-08",18.115723004278
"1983-03-07",14.2122712248737
"1983-03-06",17.1289409622952
"1983-03-05",18.1838572824378
"1983-03-04",16.9603543490583
"1983-03-03",18.0464293478463
"1983-03-02",16.7872224597258
"1983-03-01",16.7849402116133
"1983-02-28",17.0488818343277
"1983-02-27",16.5406629446972
"1983-02-26",15.6926504057019
"1983-02-25",13.9147868069509
"1983-02-24",15.1808139469638
"1983-02-23",16.9465273224293
"1983-02-22",14.9115030206017
"1983-02-21",14.0100924500969
"1983-02-20",14.3394382424364
"1983-02-19",13.4760193753498
"1983-02-18",14.5485454351196
"1983-02-17",17.6137048701174
"1983-02-16",15.7982577867223
"1983-02-15",14.0199363824293
"1983-02-14",13.2745859147881
"1983-02-13",13.4226270508818
"1983-02-12",15.2186808563046
"1983-02-11",14.6245919469345
"1983-02-10",14.6069742708137
"1983-02-09",17.7563312542238
"1983-02-08",16.980814625716
"1983-02-07",14.8726880535076
"1983-02-06",13.9643989691369
"1983-02-05",15.0227077755527
"1983-02-04",12.8107073109144
"1983-02-03",15.0414942869334
"1983-02-02",15.9985950866043
"1983-02-01",13.6655462901354
"1983-01-31",13.8911327207513
"1983-01-30",13.7543249134253
"1983-01-29",13.4193753788386
"1983-01-28",11.6920379117653
"1983-01-27",15.1802914380297
"1983-01-26",11.8667677278191
"1983-01-25",13.8500115021538
"1983-01-24",15.7357098326724
"1983-01-23",12.7410781612673
"1983-01-22",15.0225667997726
"1983-01-21",12.6572099356502
"1983-01-20",13.5578993310466
"1983-01-19",14.2135388840132
"1983-01-18",12.7743952728951
"1983-01-17",13.4899785135508
"1983-01-16",13.6434995688883
"1983-01-15",13.3490375303005
"1983-01-14",12.8922119753538
"1983-01-13",12.0083534744293
"1983-01-12",12.5467119178142
"1983-01-11",13.6510875785439
"1983-01-10",14.9412761740377
"1983-01-09",15.8232118892589
"1983-01-08",14.0769800197488
"1983-01-07",13.3241459403781
"1983-01-06",15.3524998180466
"1983-01-05",13.59098240628
"1983-01-04",12.8251925380775
"1983-01-03",14.6712690935699
"1983-01-02",16.8835887997218
"1983-01-01",15.507514323298
"1982-12-31",16.5702030657822
"1982-12-30",15.442969566864
"1982-12-29",15.8600122867335
"1982-12-28",15.6522021659925
"1982-12-27",14.2880611515883
"1982-12-26",14.6387471402052
"1982-12-25",15.3692292858844
"1982-12-24",16.2378518277301
"1982-12-23",13.4383507987796
"1982-12-22",13.9291522461582
"1982-12-21",15.0211117693553
"1982-12-20",14.6900501900012
"1982-12-19",14.3320536191869
"1982-12-18",16.2020964613908
"1982-12-17",14.9692043581676
"1982-12-16",15.826318822876
"1982-12-15",15.2418291499642
"1982-12-14",18.0834831968141
"1982-12-13",14.7329146186628
"1982-12-12",14.4384348351255
"1982-12-11",14.9117059035909
"1982-12-10",15.305833056362
"1982-12-09",13.7811607589599
"1982-12-08",14.6116692894895
"1982-12-07",15.2520180098819
"1982-12-06",14.7989916907962
"1982-12-05",14.4125871284944
"1982-12-04",14.2574597094386
"1982-12-03",13.4691534150724
"1982-12-02",16.3231577672881
"1982-12-01",16.9958370063209
"1982-11-30",15.881089702933
"1982-11-29",15.0296964178423
"1982-11-28",15.3228050731629
"1982-11-27",14.6197433332515
"1982-11-26",16.6753229288037
"1982-11-25",17.0829630794608
"1982-11-24",16.2981386019739
"1982-11-23",14.1152035358882
"1982-11-22",15.4457577887899
"1982-11-21",15.8752545277524
"1982-11-20",13.8018381562228
"1982-11-19",13.8787061735145
"1982-11-18",14.5870321233735
"1982-11-17",15.051874824033
"1982-11-16",18.4211672884385
"1982-11-15",16.8936855223761
"1982-11-14",15.3220774492265
"1982-11-13",14.0629136913353
"1982-11-12",14.2526457711144
"1982-11-11",17.0816882842138
"1982-11-10",14.8528921571452
"1982-11-09",14.7268506765106
"1982-11-08",17.1302099248632
"1982-11-07",18.5836970224495
"1982-11-06",16.4160620550252
"1982-11-05",16.1897699105638
"1982-11-04",14.9249917618551
"1982-11-03",13.0217077513321
"1982-11-02",15.6651559382781
"1982-11-01",12.781985955901
"1982-10-31",16.8764094745977
"1982-10-30",14.5698087072681
"1982-10-29",14.0719854772087
"1982-10-28",16.5195212150552
"1982-10-27",17.8458538396598
"1982-10-26",15.4311500661869
"1982-10-25",13.8739499174452
"1982-10-24",15.4290173673225
"1982-10-23",15.2845029379635
"1982-10-22",14.7085452403525
"1982-10-21",14.0027177887013
"1982-10-20",15.6540687061476
"1982-10-19",13.2280446957522
"1982-10-18",13.897572380558
"1982-10-17",15.4473478756499
"1982-10-16",14.2978574600842
"1982-10-15",15.1765059349718
"1982-10-14",16.9654092100545
"1982-10-13",16.4548361806673
"1982-10-12",13.0766176653138
"1982-10-11",15.3075393025956
"1982-10-10",14.6277257276784
"1982-10-09",15.2080246054382
"1982-10-08",18.8154703195778
"1982-10-07",13.8252489078027
"1982-10-06",12.5759470472667
"1982-10-05",15.1593508045656
"1982-10-04",17.8945210936247
"1982-10-03",13.5815297546855
"1982-10-02",15.3253050443619
"1982-10-01",14.0343182655267
"1982-09-30",13.867437783736
"1982-09-29",14.5696988934535
"1982-09-28",15.5769008774097
"1982-09-27",14.2503377723456
"1982-09-26",16.8331561610971
"1982-09-25",15.4163663280793
"1982-09-24",14.3084981993725
"1982-09-23",13.9313895501281
"1982-09-22",13.1908451490412
"1982-09-21",13.141062000957
"1982-09-20",13.6384791116872
"1982-09-19",14.6606109742922
"1982-09-18",18.7577571340205
"1982-09-17",16.4188422572559
"1982-09-16",14.4956464956289
"1982-09-15",14.9495273171293
"1982-09-14",12.5123694402208
"1982-09-13",15.6401504430875
"1982-09-12",15.8208503469598
"1982-09-11",13.7623882710987
"1982-09-10",13.7329068997333
"1982-09-09",16.72006330403
"1982-09-08",13.0612350596323
"1982-09-07",15.8260853224858
"1982-09-06",13.6662179254902
"1982-09-05",13.2326289841433
"1982-09-04",16.4810023442815
"1982-09-03",16.9831967776794
"1982-09-02",13.0422818918549
"1982-09-01",14.5180526467883
"1982-08-31",17.3500143193292
"1982-08-30",19.1122519433092
"1982-08-29",15.2331158083914
"1982-08-28",13.3986904422771
"1982-08-27",15.3596886017244
"1982-08-26",16.9000338645122
"1982-08-25",18.189817538721
"1982-08-24",13.8896444017882
"1982-08-23",14.1761196016304
"1982-08-22",18.4620034849029
"1982-08-21",16.6042435873773
"1982-08-20",15.130852677278
"1982-08-19",13.3538459757692
"1982-08-18",16.3546041804853
"1982-08-17",15.9216461280226
"1982-08-16",14.3286633964542
"1982-08-15",16.4556220337299
"1982-08-14",16.2222660966258
"1982-08-13",15.3198497692118
"1982-08-12",16.6982235051052
"1982-08-11",18.0502280569094
"1982-08-10",15.2090736858903
"1982-08-09",13.8145849458498
"1982-08-08",13.8376234854948
"1982-08-07",14.4706597980266
"1982-08-06",12.9081881891896
"1982-08-05",12.7096164509225
"1982-08-04",16.4122964256203
"1982-08-03",15.8845965539948
"1982-08-02",16.99445563767
"1982-08-01",15.6346323532242
"1982-07-31",14.7975497026873
"1982-07-30",15.0109946024496
"1982-07-29",14.2817021608761
"1982-07-28",13.1728485016914
"1982-07-27",16.4198001884775
"1982-07-26",17.0628579359738
"1982-07-25",15.7260762555519
"1982-07-24",14.2120961763454
"1982-07-23",12.8750790043394
"1982-07-22",11.7627414660364
"1982-07-21",11.6891762351257
"1982-07-20",14.9140843344398
"1982-07-19",14.1691154337149
"1982-07-18",13.9931461856038
"1982-07-17",14.8438715491571
"1982-07-16",13.6124374166554
"1982-07-15",14.7382073945781
"1982-07-14",16.1158787461213
"1982-07-13",16.2997394943606
"1982-07-12",14.4277664102226
"1982-07-11",13.7197376104085
"1982-07-10",13.1814100856811
"1982-07-09",14.6311485219926
"1982-07-08",16.199780152543
"1982-07-07",16.0324940359845
"1982-07-06",14.3414588481997
"1982-07-05",14.1654496762859
"1982-07-04",13.7468138596861
"1982-07-03",12.8445680229828
"1982-07-02",13.9341132436913
"1982-07-01",16.7476295928602
"1982-06-30",16.1188790389084
"1982-06-29",16.2300068497616
"1982-06-28",14.8242496447563
"1982-06-27",12.7558922089145
"1982-06-26",12.7330579387944
"1982-06-25",13.8734273319344
"1982-06-24",16.7628712099156
"1982-06-23",15.6817984398855
"1982-06-22",15.2086947825279
"1982-06-21",15.8308754523979
"1982-06-20",15.4482951293804
"1982-06-19",16.1172107945443
"1982-06-18",16.1482797504879
"1982-06-17",15.9683164649435
"1982-06-16",15.872805100167
"1982-06-15",15.0412985320773
"1982-06-14",15.7615034078303
"1982-06-13",15.4920346384228
"1982-06-12",16.5611777930585
"1982-06-11",14.5893228336803
"1982-06-10",13.1441524545755
"1982-06-09",15.3331407643313
"1982-06-08",13.7130121769197
"1982-06-07",13.242329984388
"1982-06-06",12.1416151495633
"1982-06-05",13.3311864521216
"1982-06-04",13.1619671448742
"1982-06-03",16.5025688991982
"1982-06-02",15.3359316664831
"1982-06-01",14.830777217248
"1982-05-31",17.1472163438113
"1982-05-30",17.5601372916018
"1982-05-29",18.4702112873701
"1982-05-28",17.9354779937281
"1982-05-27",17.6358491845473
"1982-05-26",17.3132335795413
"1982-05-25",16.0442878650697
"1982-05-24",16.0096417256056
"1982-05-23",14.5505086206427
"1982-05-22",15.717260813212
"1982-05-21",14.5398190383414
"1982-05-20",19.0199832592422
"1982-05-19",18.543129769153
"1982-05-18",15.151076213366
"1982-05-17",14.0261763504863
"1982-05-16",12.9948683597847
"1982-05-15",15.6712515715881
"1982-05-14",16.8293289680028
"1982-05-13",16.7817830754627
"1982-05-12",15.7558280162607
"1982-05-11",15.2702307805033
"1982-05-10",13.8334172441495
"1982-05-09",15.2402338797691
"1982-05-08",15.9668935587694
"1982-05-07",16.3148885890591
"1982-05-06",16.5570873384979
"1982-05-05",17.8193936000036
"1982-05-04",17.2219499780316
"1982-05-03",14.0793881040828
"1982-05-02",14.4214426887952
"1982-05-01",16.1993449547709
"1982-04-30",15.8663074647911
"1982-04-29",15.2750799539399
"1982-04-28",14.1799763378901
"1982-04-27",13.6272738226855
"1982-04-26",16.5482980029077
"1982-04-25",18.7048580532965
"1982-04-24",17.0996237752304
"1982-04-23",15.0986682161697
"1982-04-22",14.3324484630298
"1982-04-21",14.7419939555752
"1982-04-20",13.8949417949826
"1982-04-19",15.2506697404977
"1982-04-18",14.4030416340873
"1982-04-17",16.6055388470158
"1982-04-16",19.5635119523663
"1982-04-15",17.9132746352617
"1982-04-14",16.6573001728437
"1982-04-13",15.9124886052426
"1982-04-12",16.4472749233048
"1982-04-11",17.391306374394
"1982-04-10",14.6787089429201
"1982-04-09",16.0976824941803
"1982-04-08",15.855032369708
"1982-04-07",15.7995578755257
"1982-04-06",13.7622925308856
"1982-04-05",15.0396723654426
"1982-04-04",15.3392050682372
"1982-04-03",15.6179573209159
"1982-04-02",14.5532250080311
"1982-04-01",14.1327872158944
"1982-03-31",16.1932023639018
"1982-03-30",16.101712939854
"1982-03-29",15.4115249052417
"1982-03-28",17.3874314292409
"1982-03-27",17.3046839004587
"1982-03-26",16.133900786518
"1982-03-25",15.1848322720884
"1982-03-24",16.1426997636033
"1982-03-23",18.9912196592406
"1982-03-22",17.5524908018847
"1982-03-21",15.9026438477426
"1982-03-20",13.4717151295537
"1982-03-19",15.5541630797977
"1982-03-18",15.935432232151
"1982-03-17",19.4313408712486
"1982-03-16",17.9428130303785
"1982-03-15",17.1654561671756
"1982-03-14",14.6291821395761
"1982-03-13",15.9299237257627
"1982-03-12",13.6091272671846
"1982-03-11",13.0078874366827
"1982-03-10",13.4912120935661
"1982-03-09",17.6890245711595
"1982-03-08",16.2811639770856
"1982-03-07",17.4555027613305
"1982-03-06",18.8163998437428
"1982-03-05",15.2702371001346
"1982-03-04",12.9346075185995
"1982-03-03",14.8460314989344
"1982-03-02",13.8524000702181
"1982-03-01",15.072830690181
"1982-02-28",12.986440398415
"1982-02-27",15.2216898543915
"1982-02-26",14.0382526968848
"1982-02-25",14.7114945347045
"1982-02-24",15.4065805241089
"1982-02-23",14.1477402322915
"1982-02-22",15.3633745737022
"1982-02-21",15.4855148807317
"1982-02-20",13.9814373270028
"1982-02-19",14.8508704534322
"1982-02-18",16.0395296797276
"1982-02-17",16.0228126437295
"1982-02-16",20.3721622246145
"1982-02-15",18.6757807022533
"1982-02-14",16.9467267133581
"1982-02-13",15.8915017111937
"1982-02-12",15.3004154912529
"1982-02-11",14.2436898158879
"1982-02-10",15.7031140234304
"1982-02-09",18.4906793104005
"1982-02-08",17.1161820005711
"1982-02-07",14.2697206093178
